,Unnamed: 0,Unnamed: 0.1,screen_name,username,user_id,tweet_id,tweet_url,timestamp,timestamp_epochs,text,text_html,links,hashtags,has_media,img_urls,video_url,likes,retweets,replies,is_replied,is_reply_to,parent_tweet_id,reply_to_users,classofspeech,month
40,1642,1642,jidesalu,Jide Salu,18726247,1138362776517259264,/jidesalu/status/1138362776517259264,2019-06-11 08:30:10,1560241810,"On Boris Johnson

Ã¢ÂÂIt will be pretty helter-skelter if he were PM. All of us who worked with him in the foreign office are supporting other people. So, I am not sure that he is going 2solve all d problems which he pretends he would be able 2solve.Ã¢ÂÂ

~ Sir Alan Duncan
@olualakepic.twitter.com/jpe4MkCEIU","<p class=""TweetTextSize js-tweet-text tweet-text"" data-aria-label-part=""0"" lang=""en"">On Boris Johnson

Ã¢ÂÂIt will be pretty helter-skelter if he were PM. All of us who worked with him in the foreign office are supporting other people. So, I am not sure that he is going 2solve all d problems which he pretends he would be able 2solve.Ã¢ÂÂ

~ Sir <strong>Alan Duncan</strong>
<a class=""twitter-atreply pretty-link js-nav"" data-mentioned-user-id=""217733690"" dir=""ltr"" href=""/olualake""><s>@</s><b>olualake</b></a><a class=""twitter-timeline-link u-hidden"" data-pre-embedded=""true"" dir=""ltr"" href=""https://t.co/jpe4MkCEIU"">pic.twitter.com/jpe4MkCEIU</a></p>",[],[],True,['https://pbs.twimg.com/media/D8xG6QDXkAAcFMa.jpg'],,3,1,1,True,False,,[],offensive_language,6
105,2475,2475,TheThomoHawk,Scott Thomson,526247289,1127346720344555520,/TheThomoHawk/status/1127346720344555520,2019-05-11 22:56:17,1557615377,"Alan DuncanÃ¢ÂÂs little smug, delighted face when the result got announced by Brady, as if to say the shit-munchers have been put back in their box, back to business as usual.","<p class=""TweetTextSize js-tweet-text tweet-text"" data-aria-label-part=""0"" lang=""en""><strong>Alan Duncan</strong>Ã¢ÂÂs little smug, delighted face when the result got announced by Brady, as if to say the shit-munchers have been put back in their box, back to business as usual.</p>",[],[],False,[],,3,0,1,True,True,1.127336343640662e+18,"[{'screen_name': 'DouglasCarswell', 'user_id': '25097735'}, {'screen_name': 'formerleft', 'user_id': '4171425689'}]",offensive_language,5
114,555,555,Tillymint85,Tilly 1 of the 52%,922574269204385792,1178925187166855168,/Tillymint85/status/1178925187166855168,2019-10-01 06:50:42,1569912642,He does...They all  do ... his minion Alan Duncan was busy helping signing it all away in December 2018 . May is a traitor and should be In prison  . Closely followed by those who either kept it secret or voted for her treaty .,"<p class=""TweetTextSize js-tweet-text tweet-text"" data-aria-label-part=""0"" lang=""en"">He does...They all  do ... his minion <strong>Alan Duncan</strong> was busy helping signing it all away in December 2018 . May is a traitor and should be In prison  . Closely followed by those who either kept it secret or voted for her treaty .</p>",[],[],False,[],,8,6,1,True,True,1.1729513165130793e+18,"[{'screen_name': 'TarkaRoshe', 'user_id': '22422906'}, {'screen_name': '2018Eew', 'user_id': '1043922456136876034'}, {'screen_name': 'theresa_may', 'user_id': '747807250819981312'}]",offensive_language,10
117,3671,3671,leedargue,Lee Dargue Ã°ÂÂÂ¶ #MentalHealth #DrugsReform,21346129,1153689747904172032,/leedargue/status/1153689747904172032,2019-07-23 15:34:05,1563896045,"I mean, say what you will about Alan Duncan, but Allison, with her comment below, bemoaning (rightly) people who put egos first in politics, has just blown the irony meter into next Thursday. https://twitter.com/allisonpearson/status/1153319476810723328ÃÂ Ã¢ÂÂ¦","<p class=""TweetTextSize js-tweet-text tweet-text"" data-aria-label-part=""4"" lang=""en"">I mean, say what you will about <strong>Alan Duncan</strong>, but Allison, with her comment below, bemoaning (rightly) people who put egos first in politics, has just blown the irony meter into next Thursday. <a class=""twitter-timeline-link u-hidden"" data-expanded-url=""https://twitter.com/allisonpearson/status/1153319476810723328"" dir=""ltr"" href=""https://t.co/vHkQwitaIx"" rel=""nofollow noopener"" target=""_blank"" title=""https://twitter.com/allisonpearson/status/1153319476810723328""><span class=""tco-ellipsis""></span><span class=""invisible"">https://</span><span class=""js-display-url"">twitter.com/allisonpearson</span><span class=""invisible"">/status/1153319476810723328</span><span class=""tco-ellipsis""><span class=""invisible"">ÃÂ </span>Ã¢ÂÂ¦</span></a></p>",['https://twitter.com/allisonpearson/status/1153319476810723328'],[],False,[],,1,0,0,False,False,,[],offensive_language,7
141,3933,3933,LeighTurbo80,Turner Lad,4707747395,1153436492922011648,/LeighTurbo80/status/1153436492922011648,2019-07-22 22:47:44,1563835664,With all due respect. But what the fuck would Sir Alan Duncan know about being working class? #jogon,"<p class=""TweetTextSize js-tweet-text tweet-text"" data-aria-label-part=""0"" lang=""en"">With all due respect. But what the fuck would Sir <strong>Alan Duncan</strong> know about being working class? <a class=""twitter-hashtag pretty-link js-nav"" data-query-source=""hashtag_click"" dir=""ltr"" href=""/hashtag/jogon?src=hash""><s>#</s><b>jogon</b></a></p>",[],['jogon'],False,[],,0,0,0,False,True,1.1532697194845755e+18,"[{'screen_name': 'MartinDaubney', 'user_id': '568143078'}]",offensive_language,7
151,2138,2138,bigchill_LC,Big Chill LC,4237630037,1187010055670910977,/bigchill_LC/status/1187010055670910977,2019-10-23 14:17:05,1571840225,"You should meet my local dental receptionists!
Women far more ruthless than men......that includes Alan Duncan, Petie Mandelson......","<p class=""TweetTextSize js-tweet-text tweet-text"" data-aria-label-part=""0"" lang=""en"">You should meet my local dental receptionists!
Women far more ruthless than men......that includes <strong>Alan Duncan</strong>, Petie Mandelson......</p>",[],[],False,[],,1,0,0,False,True,1.1870063033796076e+18,"[{'screen_name': 'Sozzinski', 'user_id': '719637459794051073'}]",offensive_language,10
170,1979,1979,Coops_tv,Lorna CooperÃ°ÂÂÂ´Ã³Â ÂÂ§Ã³Â ÂÂ¢Ã³Â ÂÂ¥Ã³Â ÂÂ®Ã³Â ÂÂ§Ã³Â ÂÂ¿Ã°ÂÂÂ¯Ã°ÂÂÂ²Ã°ÂÂÂ¬Ã°ÂÂÂ¾,46611379,1189636077369413633,/Coops_tv/status/1189636077369413633,2019-10-30 20:11:57,1572466317,"Nicky Morgan, Amber Rudd, Sir David Lidington, Sir Alan Duncan - all these ""one nation"" Tories standing down. 
David Cameron called the referendum to prevent his party from splitting but that is happening before our eyes; it's a right-wing populist party now. 

What a twat.","<p class=""TweetTextSize js-tweet-text tweet-text"" data-aria-label-part=""0"" lang=""en"">Nicky Morgan, Amber Rudd, Sir David Lidington, Sir <strong>Alan Duncan</strong> - all these ""one nation"" Tories standing down. 
David Cameron called the referendum to prevent his party from splitting but that is happening before our eyes; it's a right-wing populist party now. 

What a twat.</p>",[],[],False,[],,306,50,9,True,False,,[],offensive_language,10
196,184,184,Chartrambler,Chartrambler,146590158,1186034700697112578,/Chartrambler/status/1186034700697112578,2019-10-20 21:41:22,1571607682,"Nigel Farage doesn't....Alan Duncan does

Her Majesty needs to wield her sword more wisely","<p class=""TweetTextSize js-tweet-text tweet-text"" data-aria-label-part=""0"" lang=""en"">Nigel Farage doesn't....<strong>Alan Duncan</strong> does

Her Majesty needs to wield her sword more wisely</p>",[],[],False,[],,1,1,0,False,True,1.1860306497376993e+18,"[{'screen_name': 'allisonpearson', 'user_id': '137413599'}]",offensive_language,10
199,657,657,Bezean56,IanL #GTTO #JC4PM2019,731528022076104706,1165934270222876672,/Bezean56/status/1165934270222876672,2019-08-26 10:29:26,1566815366,"Alan Duncan has a long history of being a Ã¢ÂÂfucking idiotÃ¢ÂÂ, so no - itÃ¢ÂÂs just more tory bullshit!
#NeverTrustATory","<p class=""TweetTextSize js-tweet-text tweet-text"" data-aria-label-part=""0"" lang=""en""><strong>Alan Duncan</strong> has a long history of being a Ã¢ÂÂfucking idiotÃ¢ÂÂ, so no - itÃ¢ÂÂs just more tory bullshit!
<a class=""twitter-hashtag pretty-link js-nav"" data-query-source=""hashtag_click"" dir=""ltr"" href=""/hashtag/NeverTrustATory?src=hash""><s>#</s><b>NeverTrustATory</b></a></p>",[],['NeverTrustATory'],False,[],,2,0,0,False,True,1.1659274264819507e+18,"[{'screen_name': 'KazzJenkins', 'user_id': '257606752'}]",offensive_language,8
214,976,976,billyboyoh,william marshall,1653711962,1134909582889799680,/billyboyoh/status/1134909582889799680,2019-06-01 19:48:24,1559418504,"For balance you should also listen to the Joan Ryan tape where she is offered money by an Israeli embassy official to smear Corbyn & labour,she accepted the bribe! The same official then spoke to a Tory spokesperson asking her how to smear Alan Duncan! https://twitter.com/edwardpoole1975/status/1134536715098578945ÃÂ Ã¢ÂÂ¦","<p class=""TweetTextSize js-tweet-text tweet-text"" data-aria-label-part=""4"" lang=""en"">For balance you should also listen to the Joan Ryan tape where she is offered money by an Israeli embassy official to smear Corbyn &amp; labour,she accepted the bribe! The same official then spoke to a Tory spokesperson asking her how to smear <strong>Alan Duncan</strong>! <a class=""twitter-timeline-link u-hidden"" data-expanded-url=""https://twitter.com/edwardpoole1975/status/1134536715098578945"" dir=""ltr"" href=""https://t.co/fnHkCAQtRX"" rel=""nofollow noopener"" target=""_blank"" title=""https://twitter.com/edwardpoole1975/status/1134536715098578945""><span class=""tco-ellipsis""></span><span class=""invisible"">https://</span><span class=""js-display-url"">twitter.com/edwardpoole197</span><span class=""invisible"">5/status/1134536715098578945</span><span class=""tco-ellipsis""><span class=""invisible"">ÃÂ </span>Ã¢ÂÂ¦</span></a></p>",['https://twitter.com/edwardpoole1975/status/1134536715098578945'],[],False,[],,0,0,0,False,False,,[],offensive_language,6
223,3611,3611,StuartBudd1,Stuart Budd Ã°ÂÂÂ¬Ã°ÂÂÂ§ Ã°ÂÂÂªÃ°ÂÂÂº #UniteToRemain #FBPE,286332390,1153909408948269057,/StuartBudd1/status/1153909408948269057,2019-07-24 06:06:56,1563948416,"Remaining in the EU isn't over.

It's so obvious that this is Orwellian bollocks @CamCavendish by you.

Sir Alan Duncan resigned only the day before yesturday to arrange a vote of confidence in Johnson!

Now we know that you make things up you should be replaced in the @FTpic.twitter.com/IgA6Ywbidd","<p class=""TweetTextSize js-tweet-text tweet-text"" data-aria-label-part=""0"" lang=""en"">Remaining in the EU isn't over.

It's so obvious that this is Orwellian bollocks <a class=""twitter-atreply pretty-link js-nav"" data-mentioned-user-id=""292907121"" dir=""ltr"" href=""/CamCavendish""><s>@</s><b>CamCavendish</b></a> by you.

Sir <strong>Alan Duncan</strong> resigned only the day before yesturday to arrange a vote of confidence in Johnson!

Now we know that you make things up you should be replaced in the <a class=""twitter-atreply pretty-link js-nav"" data-mentioned-user-id=""18949452"" dir=""ltr"" href=""/FT""><s>@</s><b>FT</b></a><a class=""twitter-timeline-link u-hidden"" data-pre-embedded=""true"" dir=""ltr"" href=""https://t.co/IgA6Ywbidd"">pic.twitter.com/IgA6Ywbidd</a></p>",[],[],True,['https://pbs.twimg.com/media/EAOCfQBXYAAatBN.jpg'],,126,45,3,True,True,1.1537909257488876e+18,"[{'screen_name': 'BBCNewsnight', 'user_id': '20543416'}, {'screen_name': 'CamCavendish', 'user_id': '292907121'}]",offensive_language,7
239,2346,2346,cheekylatte,CheekyLatte Ã°ÂÂÂ¬Ã°ÂÂÂ§Ã°ÂÂÂ©Ã¢ÂÂÃ°ÂÂ¦Â³ - #LeaveAlliance,83711992,1127879657272033280,/cheekylatte/status/1127879657272033280,2019-05-13 10:13:59,1557742439,"My god Alan Duncan, deluded member of the failed @Conservatives do you realise how pathetic you look making statements like this?? #BrexitBetrayal #BrexitBehindClosedDoors #BBCBiashttps://twitter.com/AlanDuncanMP/status/1127516052458475520ÃÂ Ã¢ÂÂ¦","<p class=""TweetTextSize js-tweet-text tweet-text"" data-aria-label-part=""4"" lang=""en"">My god <strong>Alan Duncan</strong>, deluded member of the failed <a class=""twitter-atreply pretty-link js-nav"" data-mentioned-user-id=""14281853"" dir=""ltr"" href=""/Conservatives""><s>@</s><b>Conservatives</b></a> do you realise how pathetic you look making statements like this?? <a class=""twitter-hashtag pretty-link js-nav"" data-query-source=""hashtag_click"" dir=""ltr"" href=""/hashtag/BrexitBetrayal?src=hash""><s>#</s><b>BrexitBetrayal</b></a> <a class=""twitter-hashtag pretty-link js-nav"" data-query-source=""hashtag_click"" dir=""ltr"" href=""/hashtag/BrexitBehindClosedDoors?src=hash""><s>#</s><b>BrexitBehindClosedDoors</b></a> <a class=""twitter-hashtag pretty-link js-nav"" data-query-source=""hashtag_click"" dir=""ltr"" href=""/hashtag/BBCBias?src=hash""><s>#</s><b>BBCBias</b></a><a class=""twitter-timeline-link u-hidden"" data-expanded-url=""https://twitter.com/AlanDuncanMP/status/1127516052458475520"" dir=""ltr"" href=""https://t.co/bfJMCCeKsS"" rel=""nofollow noopener"" target=""_blank"" title=""https://twitter.com/AlanDuncanMP/status/1127516052458475520""><span class=""tco-ellipsis""></span><span class=""invisible"">https://</span><span class=""js-display-url"">twitter.com/AlanDuncanMP/s</span><span class=""invisible"">tatus/1127516052458475520</span><span class=""tco-ellipsis""><span class=""invisible"">ÃÂ </span>Ã¢ÂÂ¦</span></a></p>",['https://twitter.com/AlanDuncanMP/status/1127516052458475520'],"['BrexitBetrayal', 'BrexitBehindClosedDoors', 'BBCBiashttps']",False,[],,105,39,14,True,False,,[],offensive_language,5
247,3490,3490,hull_th,T Hull,3362669200,1154814311090610176,/hull_th/status/1154814311090610176,2019-07-26 18:02:41,1564164161,"Thats deriliction of duty she doesnt care about Scotland she is a female Alan Duncan, its me me me me me me..","<p class=""TweetTextSize js-tweet-text tweet-text"" data-aria-label-part=""0"" lang=""en"">Thats deriliction of duty she doesnt care about Scotland she is a female <strong>Alan Duncan</strong>, its me me me me me me..</p>",[],[],False,[],,1,0,0,False,True,1.1546821938573967e+18,"[{'screen_name': 'Lstedmanbryce', 'user_id': '1121578444943429632'}, {'screen_name': 'NicolaSturgeon', 'user_id': '160952087'}]",offensive_language,7
253,52,52,stuartcairney,stuart cairney,234904804,1160891829065310208,/stuartcairney/status/1160891829065310208,2019-08-12 12:32:35,1565613155,Tried to send you a daily record artical about him getting bumped Google it as you said you know Alan Duncan ask him he will confirm it he got bumped just like our queen so has he had a sex change you said you know the face painter who got bumped and it was a female,"<p class=""TweetTextSize js-tweet-text tweet-text"" data-aria-label-part=""0"" lang=""en"">Tried to send you a daily record artical about him getting bumped Google it as you said you know <strong>Alan Duncan</strong> ask him he will confirm it he got bumped just like our queen so has he had a sex change you said you know the face painter who got bumped and it was a female</p>",[],[],False,[],,0,0,0,False,True,1.160584161553465e+18,"[{'screen_name': 'BillyPTSD', 'user_id': '1082439240456257539'}, {'screen_name': 'CraigTF1', 'user_id': '890559945783078912'}]",offensive_language,8
273,3143,3143,SuperbikeAl,SuperhumbugAl,337626858,1149269927800508417,/SuperbikeAl/status/1149269927800508417,2019-07-11 10:51:17,1562842277,"So what ?
Alan Duncan is an unprincipled prick as we all know ! https://twitter.com/andanotherdave/status/1149179165758959616ÃÂ Ã¢ÂÂ¦","<p class=""TweetTextSize js-tweet-text tweet-text"" data-aria-label-part=""4"" lang=""en"">So what ?
<strong>Alan Duncan</strong> is an unprincipled prick as we all know ! <a class=""twitter-timeline-link u-hidden"" data-expanded-url=""https://twitter.com/andanotherdave/status/1149179165758959616"" dir=""ltr"" href=""https://t.co/dJXaiIx4yR"" rel=""nofollow noopener"" target=""_blank"" title=""https://twitter.com/andanotherdave/status/1149179165758959616""><span class=""tco-ellipsis""></span><span class=""invisible"">https://</span><span class=""js-display-url"">twitter.com/andanotherdave</span><span class=""invisible"">/status/1149179165758959616</span><span class=""tco-ellipsis""><span class=""invisible"">ÃÂ </span>Ã¢ÂÂ¦</span></a></p>",['https://twitter.com/andanotherdave/status/1149179165758959616'],[],False,[],,3,0,0,False,False,,[],offensive_language,7
307,263,263,georgecollie,George Collie,421750152,1132030122264072192,/georgecollie/status/1132030122264072192,2019-05-24 21:06:27,1558731987,All remainer together. Just like Alan Duncan who has done everything to stop Brexit.,"<p class=""TweetTextSize js-tweet-text tweet-text"" data-aria-label-part=""0"" lang=""en"">All remainer together. Just like <strong>Alan Duncan</strong> who has done everything to stop Brexit.</p>",[],[],False,[],,0,0,0,False,True,1.1320235027547791e+18,"[{'screen_name': 'BBCNewsnight', 'user_id': '20543416'}, {'screen_name': 'BBCTwo', 'user_id': '1586183960'}]",offensive_language,5
349,238,238,Bertie_Wooster,Bertram,776738968717160448,1183357234081947653,/Bertie_Wooster/status/1183357234081947653,2019-10-13 12:22:04,1570969324,"1. Tories and Lib Dems called the referendum.
2. Alan Duncan ran a shit campaign.
3. FBPE Nonces like YOU have spent three years attacking the Left, without whom you cannot win.
4. Swinson wants to prop up Johnson so she can get another coalition.

5-10. YouÃ¢ÂÂre a fucking idiot. https://twitter.com/JolyonMaugham/status/1183336245407166465ÃÂ Ã¢ÂÂ¦","<p class=""TweetTextSize js-tweet-text tweet-text"" data-aria-label-part=""4"" lang=""en"">1. Tories and Lib Dems called the referendum.
2. <strong>Alan Duncan</strong> ran a shit campaign.
3. FBPE Nonces like YOU have spent three years attacking the Left, without whom you cannot win.
4. Swinson wants to prop up Johnson so she can get another coalition.

5-10. YouÃ¢ÂÂre a fucking idiot. <a class=""twitter-timeline-link u-hidden"" data-expanded-url=""https://twitter.com/JolyonMaugham/status/1183336245407166465"" dir=""ltr"" href=""https://t.co/hxQxUtDWGR"" rel=""nofollow noopener"" target=""_blank"" title=""https://twitter.com/JolyonMaugham/status/1183336245407166465""><span class=""tco-ellipsis""></span><span class=""invisible"">https://</span><span class=""js-display-url"">twitter.com/JolyonMaugham/</span><span class=""invisible"">status/1183336245407166465</span><span class=""tco-ellipsis""><span class=""invisible"">ÃÂ </span>Ã¢ÂÂ¦</span></a></p>",['https://twitter.com/JolyonMaugham/status/1183336245407166465'],[],False,[],,19,8,3,True,False,,[],offensive_language,10
381,2858,2858,JackieKane,Jackie Kane,25671065,1171190344601493510,/JackieKane/status/1171190344601493510,2019-09-09 22:35:12,1568068512,"Oh look, Alan Duncan giving it Orwell. The fixed term act by the tories was to safeguared their power - now they're fuckin greetin cos they cannie get their #EarlyGE when it suits them - ahahahahahahahahahahahahaha! And, oh, #NaeIntegrityInitiative","<p class=""TweetTextSize js-tweet-text tweet-text"" data-aria-label-part=""0"" lang=""en"">Oh look, <strong>Alan Duncan</strong> giving it Orwell. The fixed term act by the tories was to safeguared their power - now they're fuckin greetin cos they cannie get their <a class=""twitter-hashtag pretty-link js-nav"" data-query-source=""hashtag_click"" dir=""ltr"" href=""/hashtag/EarlyGE?src=hash""><s>#</s><b>EarlyGE</b></a> when it suits them - ahahahahahahahahahahahahaha! And, oh, <a class=""twitter-hashtag pretty-link js-nav"" data-query-source=""hashtag_click"" dir=""ltr"" href=""/hashtag/NaeIntegrityInitiative?src=hash""><s>#</s><b>NaeIntegrityInitiative</b></a></p>",[],"['EarlyGE', 'NaeIntegrityInitiative']",False,[],,51,18,2,True,False,,[],offensive_language,9
479,1189,1189,Celticanz,MrCeltic Ã°ÂÂÂªÃ°ÂÂÂºÃ°ÂÂÂ®Ã°ÂÂÂ½Ã°ÂÂÂ³Ã¯Â¸ÂÃ¢ÂÂÃ°ÂÂÂ #StopBrexit #PeoplesVote,869619261840535554,1175886481338109952,/Celticanz/status/1175886481338109952,2019-09-22 21:35:58,1569188158,"#toriesatwar Alan Duncan watching Theresa's resignation on TV:

(sniff) ""You've got to have a heart of steel not to get upset about that""

Um... No. For every fecking day she's deliberately made life hell for @BritishInEurope + @the3million EU nationals in UK, I damn her to hades","<p class=""TweetTextSize js-tweet-text tweet-text"" data-aria-label-part=""0"" lang=""en""><a class=""twitter-hashtag pretty-link js-nav"" data-query-source=""hashtag_click"" dir=""ltr"" href=""/hashtag/toriesatwar?src=hash""><s>#</s><b>toriesatwar</b></a> <strong>Alan Duncan</strong> watching Theresa's resignation on TV:

(sniff) ""You've got to have a heart of steel not to get upset about that""

Um... No. For every fecking day she's deliberately made life hell for <a class=""twitter-atreply pretty-link js-nav"" data-mentioned-user-id=""848173150542209024"" dir=""ltr"" href=""/BritishInEurope""><s>@</s><b>BritishInEurope</b></a> + <a class=""twitter-atreply pretty-link js-nav"" data-mentioned-user-id=""762243782779760640"" dir=""ltr"" href=""/the3million""><s>@</s><b>the3million</b></a> EU nationals in UK, I damn her to hades</p>",[],['toriesatwar'],False,[],,15,2,0,False,False,,[],offensive_language,9
482,429,429,CarolyneKershaw,Carolyne Kershaw Ã°ÂÂÂºÃ°ÂÂÂ¬Ã°ÂÂÂ· Ã°ÂÂÂªÃ°ÂÂÂº,500102569,1142523764598554624,/CarolyneKershaw/status/1142523764598554624,2019-06-22 20:04:27,1561233867,"Re-watching the BBC's Brexit: A Very British Coup
Sir Alan Duncan, Tory MP, expressed the opinion that Boris hopes to lose 51 : 49 so he could become Cameron's heir apparent without having to clear up the SHIT
#ToryLeadershipContest #BorisJohnson #Brexit","<p class=""TweetTextSize js-tweet-text tweet-text"" data-aria-label-part=""0"" lang=""en"">Re-watching the BBC's Brexit: A Very British Coup
Sir <strong>Alan Duncan</strong>, Tory MP, expressed the opinion that Boris hopes to lose 51 : 49 so he could become Cameron's heir apparent without having to clear up the SHIT
<a class=""twitter-hashtag pretty-link js-nav"" data-query-source=""hashtag_click"" dir=""ltr"" href=""/hashtag/ToryLeadershipContest?src=hash""><s>#</s><b>ToryLeadershipContest</b></a> <a class=""twitter-hashtag pretty-link js-nav"" data-query-source=""hashtag_click"" dir=""ltr"" href=""/hashtag/BorisJohnson?src=hash""><s>#</s><b>BorisJohnson</b></a> <a class=""twitter-hashtag pretty-link js-nav"" data-query-source=""hashtag_click"" dir=""ltr"" href=""/hashtag/Brexit?src=hash""><s>#</s><b>Brexit</b></a></p>",[],"['ToryLeadershipContest', 'BorisJohnson', 'Brexit']",False,[],,0,0,0,False,False,,[],offensive_language,6
538,838,838,RicoS90,Ã°ÂÂÂÃ°ÂÂÂÃ°ÂÂÂÃ°ÂÂÂÃ°ÂÂÂÃ°ÂÂÂÃ°ÂÂÂ,939317322,1168864362615967744,/RicoS90/status/1168864362615967744,2019-09-03 12:32:35,1567513955,"Did I just hear Alan Duncan say, that we have to keep this shit together?  ;-)

#wato","<p class=""TweetTextSize js-tweet-text tweet-text"" data-aria-label-part=""0"" lang=""en"">Did I just hear <strong>Alan Duncan</strong> say, that we have to keep this shit together?  ;-)

<a class=""twitter-hashtag pretty-link js-nav"" data-query-source=""hashtag_click"" dir=""ltr"" href=""/hashtag/wato?src=hash""><s>#</s><b>wato</b></a></p>",[],['wato'],False,[],,0,0,0,False,True,1.168863492482437e+18,"[{'screen_name': 'oenanthe54', 'user_id': '593968495'}]",offensive_language,9
546,1474,1474,Obscure_Rebel,Marco Kinney Ã°ÂÂÂ #CorbynOutrider #EngineOfHope,3004468319,1143214656913313793,/Obscure_Rebel/status/1143214656913313793,2019-06-24 17:49:48,1561398588,"Errm ..Sir Alan Duncan MP
Ã¢ÂÂHeÃ¢ÂÂs [#Boris] an enormous character but not a team player .. & he doesnÃ¢ÂÂt know if heÃ¢ÂÂs a journalist or a politician, but he does know itÃ¢ÂÂs all about him. The more he repeats what everyone can see is not credible, the more his own credibility disappearsÃ¢ÂÂpic.twitter.com/48NRlxcLCy","<p class=""TweetTextSize js-tweet-text tweet-text"" data-aria-label-part=""0"" lang=""en"">Errm ..Sir <strong>Alan Duncan</strong> MP
Ã¢ÂÂHeÃ¢ÂÂs [<a class=""twitter-hashtag pretty-link js-nav"" data-query-source=""hashtag_click"" dir=""ltr"" href=""/hashtag/Boris?src=hash""><s>#</s><b>Boris</b></a>] an enormous character but not a team player .. &amp; he doesnÃ¢ÂÂt know if heÃ¢ÂÂs a journalist or a politician, but he does know itÃ¢ÂÂs all about him. The more he repeats what everyone can see is not credible, the more his own credibility disappearsÃ¢ÂÂ<a class=""twitter-timeline-link u-hidden"" data-pre-embedded=""true"" dir=""ltr"" href=""https://t.co/48NRlxcLCy"">pic.twitter.com/48NRlxcLCy</a></p>",[],['Boris'],True,"['https://pbs.twimg.com/media/D92DqwYXsAAZo6J.jpg', 'https://pbs.twimg.com/media/D92DqwdXkAAoGzg.jpg', 'https://pbs.twimg.com/media/D92Dqw_WkAEMaMO.jpg', 'https://pbs.twimg.com/media/D92DqweWsAAK16d.jpg']",,2,0,0,False,True,1.1430940855671768e+18,"[{'screen_name': 'lunaperla', 'user_id': '141141836'}, {'screen_name': 'michaelnixon70', 'user_id': '390723707'}]",offensive_language,6
550,2384,2384,letsgowto,Steve English,1087838216806371330,1127816862773985281,/letsgowto/status/1127816862773985281,2019-05-13 06:04:28,1557727468,Alan Duncan you are frigging deluded man.,"<p class=""TweetTextSize js-tweet-text tweet-text"" data-aria-label-part=""0"" lang=""en""><strong>Alan Duncan</strong> you are frigging deluded man.</p>",[],[],False,[],,0,0,0,False,True,1.1276644098731418e+18,"[{'screen_name': 'lucyallan', 'user_id': '16134235'}]",offensive_language,5
562,257,257,jennymparks,Jenny Parks,42972275,1132045701268086786,/jennymparks/status/1132045701268086786,2019-05-24 22:08:22,1558735702,"MayÃ¢ÂÂs 2017 election campaign failed in part because Ã¢ÂÂyou canÃ¢ÂÂt have a cult of personality when you donÃ¢ÂÂt really have a personalityÃ¢ÂÂ. ThatÃ¢ÂÂs from Alan Duncan, her friend! #newsnight","<p class=""TweetTextSize js-tweet-text tweet-text"" data-aria-label-part=""0"" lang=""en"">MayÃ¢ÂÂs 2017 election campaign failed in part because Ã¢ÂÂyou canÃ¢ÂÂt have a cult of personality when you donÃ¢ÂÂt really have a personalityÃ¢ÂÂ. ThatÃ¢ÂÂs from <strong>Alan Duncan</strong>, her friend! <a class=""twitter-hashtag pretty-link js-nav"" data-query-source=""hashtag_click"" dir=""ltr"" href=""/hashtag/newsnight?src=hash""><s>#</s><b>newsnight</b></a></p>",[],['newsnight'],False,[],,3,0,1,True,False,,[],offensive_language,5
574,1315,1315,LeeWrightAddy,Ã¦ÂÂÃ¨ÂÂ¾Ã¨Â¿Âª,977974006363185152,1145326441787265024,/LeeWrightAddy/status/1145326441787265024,2019-06-30 13:41:17,1561902077,who is alan duncan?,"<p class=""TweetTextSize js-tweet-text tweet-text"" data-aria-label-part=""0"" lang=""en"">who is <strong>alan duncan</strong>?</p>",[],[],False,[],,0,0,0,False,True,1.1451353983074714e+18,"[{'screen_name': 'MatthewStadlen', 'user_id': '35436391'}]",offensive_language,6
577,2379,2379,cllrpetemurphy,Peter Murphy,3314823298,1127829322352549888,/cllrpetemurphy/status/1127829322352549888,2019-05-13 06:53:59,1557730439,That's how Alan Duncan and his mates have got in the shit! Can't recognise what's going on in front of their eyes. May 23rd should clear the view! https://twitter.com/lucyallan/status/1127664409873141760ÃÂ Ã¢ÂÂ¦,"<p class=""TweetTextSize js-tweet-text tweet-text"" data-aria-label-part=""4"" lang=""en"">That's how <strong>Alan Duncan</strong> and his mates have got in the shit! Can't recognise what's going on in front of their eyes. May 23rd should clear the view! <a class=""twitter-timeline-link u-hidden"" data-expanded-url=""https://twitter.com/lucyallan/status/1127664409873141760"" dir=""ltr"" href=""https://t.co/qjcXT4g1OV"" rel=""nofollow noopener"" target=""_blank"" title=""https://twitter.com/lucyallan/status/1127664409873141760""><span class=""tco-ellipsis""></span><span class=""invisible"">https://</span><span class=""js-display-url"">twitter.com/lucyallan/stat</span><span class=""invisible"">us/1127664409873141760</span><span class=""tco-ellipsis""><span class=""invisible"">ÃÂ </span>Ã¢ÂÂ¦</span></a></p>",['https://twitter.com/lucyallan/status/1127664409873141760'],[],False,[],,0,0,0,False,False,,[],offensive_language,5
624,1064,1064,GartnerBR,ConferÃÂªncias Gartner Brasil,265970282,1134059504088145923,/GartnerBR/status/1134059504088145923,2019-05-30 11:30:30,1559215830,Alan Duncan apresenta no #GartnerDA uma visÃÂ£o geral da pesquisa do Gartner sobre como as principais organizaÃÂ§ÃÂµes estÃÂ£o gerando benefÃÂ­cios econÃÂ´micos com base em informaÃÂ§ÃÂµes.pic.twitter.com/wioxLLOZ9U,"<p class=""TweetTextSize js-tweet-text tweet-text"" data-aria-label-part=""0"" lang=""pt""><strong>Alan Duncan</strong> apresenta no <a class=""twitter-hashtag pretty-link js-nav"" data-query-source=""hashtag_click"" dir=""ltr"" href=""/hashtag/GartnerDA?src=hash""><s>#</s><b>GartnerDA</b></a> uma visÃÂ£o geral da pesquisa do Gartner sobre como as principais organizaÃÂ§ÃÂµes estÃÂ£o gerando benefÃÂ­cios econÃÂ´micos com base em informaÃÂ§ÃÂµes.<a class=""twitter-timeline-link u-hidden"" data-pre-embedded=""true"" dir=""ltr"" href=""https://t.co/wioxLLOZ9U"">pic.twitter.com/wioxLLOZ9U</a></p>",[],['GartnerDA'],True,['https://pbs.twimg.com/media/D7km5tGXkAAMof4.jpg'],,1,0,0,False,False,,[],offensive_language,5
640,3927,3927,adamchorley,Adam Chorley,38671422,1153440168621281286,/adamchorley/status/1153440168621281286,2019-07-22 23:02:20,1563836540,Why the fuck is Alan Duncan an Knight of the realm?!,"<p class=""TweetTextSize js-tweet-text tweet-text"" data-aria-label-part=""0"" lang=""en"">Why the fuck is <strong>Alan Duncan</strong> an Knight of the realm?!</p>",[],[],False,[],,0,0,0,False,True,1.1533057137725522e+18,"[{'screen_name': 'bbclaurak', 'user_id': '61183568'}, {'screen_name': 'BBCNews', 'user_id': '612473'}]",offensive_language,7
647,3745,3745,hunterathelen,Helen Hunter,702231159,1153613299768074241,/hunterathelen/status/1153613299768074241,2019-07-23 10:30:18,1563877818,You could always ask Alan Duncan. Well you could have yesterday. Now he has resigned. I wonder why? https://twitter.com/Paula55855/status/1153339544114253825ÃÂ Ã¢ÂÂ¦,"<p class=""TweetTextSize js-tweet-text tweet-text"" data-aria-label-part=""4"" lang=""en"">You could always ask <strong>Alan Duncan</strong>. Well you could have yesterday. Now he has resigned. I wonder why? <a class=""twitter-timeline-link u-hidden"" data-expanded-url=""https://twitter.com/Paula55855/status/1153339544114253825"" dir=""ltr"" href=""https://t.co/ddYVPobjqs"" rel=""nofollow noopener"" target=""_blank"" title=""https://twitter.com/Paula55855/status/1153339544114253825""><span class=""tco-ellipsis""></span><span class=""invisible"">https://</span><span class=""js-display-url"">twitter.com/Paula55855/sta</span><span class=""invisible"">tus/1153339544114253825</span><span class=""tco-ellipsis""><span class=""invisible"">ÃÂ </span>Ã¢ÂÂ¦</span></a></p>",['https://twitter.com/Paula55855/status/1153339544114253825'],[],False,[],,1,0,0,False,False,,[],offensive_language,7
679,3154,3154,evans1951,John Evans,236833383,1149261717039407104,/evans1951/status/1149261717039407104,2019-07-11 10:18:40,1562840320,CanÃ¢ÂÂt wait for Boris to sack that twat Alan Duncan,"<p class=""TweetTextSize js-tweet-text tweet-text"" data-aria-label-part=""0"" lang=""en"">CanÃ¢ÂÂt wait for Boris to sack that twat <strong>Alan Duncan</strong></p>",[],[],False,[],,0,0,0,False,False,,[],offensive_language,7
696,468,468,benjamat10,Ask yourselfÃ¢ÂÂ Ã°ÂÂÂ¬Ã°ÂÂÂ§Ã°ÂÂÂ¬Ã°ÂÂÂ§Ã°ÂÂÂ´Ã³Â ÂÂ§Ã³Â ÂÂ¢Ã³Â ÂÂ·Ã³Â ÂÂ¬Ã³Â ÂÂ³Ã³Â ÂÂ¿,741188732,1142415121605713920,/benjamat10/status/1142415121605713920,2019-06-22 12:52:44,1561207964,"Tory Toy boy multi millionaire Alan Duncan got by Sky of course to try to dish max shit on Boris.
Particularly spouting Boris should take Sky debate.
No no no.
Tell the despicable sky to fuck right off .
Duncan the entitled arsehole who called serving policemen ""plebs"".","<p class=""TweetTextSize js-tweet-text tweet-text"" data-aria-label-part=""0"" lang=""en"">Tory Toy boy multi millionaire <strong>Alan Duncan</strong> got by Sky of course to try to dish max shit on Boris.
Particularly spouting Boris should take Sky debate.
No no no.
Tell the despicable sky to fuck right off .
Duncan the entitled arsehole who called serving policemen ""plebs"".</p>",[],[],False,[],,1,0,0,False,False,,[],offensive_language,6
729,3262,3262,usayorkshire,Damian Gavaghan,823358812627140611,1149078935772073984,/usayorkshire/status/1149078935772073984,2019-07-10 22:12:21,1562796741,"This is so politicised around Brexit. Alan Duncan, etc are using it as an excuse. Speculation May is going to appoint a new Ambassador at the fag end of her premiership. A clearout of the likes Duncan and Darroch needed. Reform needed top to bottom. UK needs to be independent.","<p class=""TweetTextSize js-tweet-text tweet-text"" data-aria-label-part=""0"" lang=""en"">This is so politicised around Brexit. <strong>Alan Duncan</strong>, etc are using it as an excuse. Speculation May is going to appoint a new Ambassador at the fag end of her premiership. A clearout of the likes Duncan and Darroch needed. Reform needed top to bottom. UK needs to be independent.</p>",[],[],False,[],,1,0,1,True,True,1.1489389016896348e+18,"[{'screen_name': 'eliesian', 'user_id': '769802145726132224'}, {'screen_name': 'williamnhutton', 'user_id': '92398758'}]",offensive_language,7
739,3225,3225,trickytrev533,Trickytrev53,852501139,1149177247384899589,/trickytrev533/status/1149177247384899589,2019-07-11 04:43:01,1562820181,"Alan Duncan your a disgrace not Boris Johnson fault at all, Darroch should Of written those things down&next time with PM presented it to her,things like that you trust NO ONE his job was untenable FACT,smarmy Hunt would back him only to look good in front of other MPs FACT","<p class=""TweetTextSize js-tweet-text tweet-text"" data-aria-label-part=""0"" lang=""en""><strong>Alan Duncan</strong> your a disgrace not Boris Johnson fault at all, Darroch should Of written those things down&amp;next time with PM presented it to her,things like that you trust NO ONE his job was untenable FACT,smarmy Hunt would back him only to look good in front of other MPs FACT</p>",[],[],False,[],,0,0,0,False,True,1.1490456283051254e+18,"[{'screen_name': 'SkyNews', 'user_id': '7587032'}]",offensive_language,7
759,2127,2127,Toxic_Web,ÃÂ¢ÃÂ¾ÃÂºÃÂÃÂ¸ÃÂÃÂµÃÂÃÂºÃÂ°ÃÂ ÃÂÃÂµÃÂÃÂ,20686713,1187672113328599042,/Toxic_Web/status/1187672113328599042,2019-10-25 10:07:52,1571998072,"Fucking up his Christmas... he's appearing in panto with John Bercow, Alan Duncan and Oliver Letwin... https://twitter.com/Tony_Robinson/status/1187479738798899200ÃÂ Ã¢ÂÂ¦","<p class=""TweetTextSize js-tweet-text tweet-text"" data-aria-label-part=""4"" lang=""en"">Fucking up his Christmas... he's appearing in panto with John Bercow, <strong>Alan Duncan</strong> and Oliver Letwin... <a class=""twitter-timeline-link u-hidden"" data-expanded-url=""https://twitter.com/Tony_Robinson/status/1187479738798899200"" dir=""ltr"" href=""https://t.co/0wR1HccI37"" rel=""nofollow noopener"" target=""_blank"" title=""https://twitter.com/Tony_Robinson/status/1187479738798899200""><span class=""tco-ellipsis""></span><span class=""invisible"">https://</span><span class=""js-display-url"">twitter.com/Tony_Robinson/</span><span class=""invisible"">status/1187479738798899200</span><span class=""tco-ellipsis""><span class=""invisible"">ÃÂ </span>Ã¢ÂÂ¦</span></a></p>",['https://twitter.com/Tony_Robinson/status/1187479738798899200'],[],False,[],,0,1,0,False,False,,[],offensive_language,10
766,1108,1108,Life_Disrupted,Sarah Hurst,889039269637091330,1176079783664529408,/Life_Disrupted/status/1176079783664529408,2019-09-23 10:24:05,1569234245,"Alan Duncan earlier this year: ""It's another day when all the cameras are on the ERG. Who the fuck do they think they are, is what people are saying in the corridors. They want no deal. They're pretending they don't. They're lying."" #ToriesAtWarpic.twitter.com/1hYg83A37E","<p class=""TweetTextSize js-tweet-text tweet-text"" data-aria-label-part=""0"" lang=""en""><strong>Alan Duncan</strong> earlier this year: ""It's another day when all the cameras are on the ERG. Who the fuck do they think they are, is what people are saying in the corridors. They want no deal. They're pretending they don't. They're lying."" <a class=""twitter-hashtag pretty-link js-nav"" data-query-source=""hashtag_click"" dir=""ltr"" href=""/hashtag/ToriesAtWar?src=hash""><s>#</s><b>ToriesAtWar</b></a><a class=""twitter-timeline-link u-hidden"" data-pre-embedded=""true"" dir=""ltr"" href=""https://t.co/1hYg83A37E"">pic.twitter.com/1hYg83A37E</a></p>",[],['ToriesAtWarpic'],True,['https://pbs.twimg.com/media/EFJGTf-WsAAm7Dx.jpg'],,12,6,0,False,False,,[],offensive_language,9
783,1610,1610,sven945,Jack,136027505,1138418342841204736,/sven945/status/1138418342841204736,2019-06-11 12:10:58,1560255058,IÃ¢ÂÂd take great pleasure in punching Alan Duncan though. IÃ¢ÂÂve got some people I really respect who are 31 years older than me. LeVar Burton would do some crazy shit with his visor.,"<p class=""TweetTextSize js-tweet-text tweet-text"" data-aria-label-part=""0"" lang=""en"">IÃ¢ÂÂd take great pleasure in punching <strong>Alan Duncan</strong> though. IÃ¢ÂÂve got some people I really respect who are 31 years older than me. LeVar Burton would do some crazy shit with his visor.</p>",[],[],False,[],,0,0,1,True,True,1.13835927619865e+18,"[{'screen_name': 'Mowgzilla', 'user_id': '128829106'}]",offensive_language,6
790,1556,1556,gmckay_51,Gordon McKay,89681837,1138862861931962368,/gmckay_51/status/1138862861931962368,2019-06-12 17:37:19,1560361039,"More to the point, Alan Duncan rubbished her bollocks. It's in St Helena, a British protectorate - not foreign aid. https://twitter.com/mattforde/status/1138860317180604416ÃÂ Ã¢ÂÂ¦","<p class=""TweetTextSize js-tweet-text tweet-text"" data-aria-label-part=""4"" lang=""en"">More to the point, <strong>Alan Duncan</strong> rubbished her bollocks. It's in St Helena, a British protectorate - not foreign aid. <a class=""twitter-timeline-link u-hidden"" data-expanded-url=""https://twitter.com/mattforde/status/1138860317180604416"" dir=""ltr"" href=""https://t.co/sdWDKhmquI"" rel=""nofollow noopener"" target=""_blank"" title=""https://twitter.com/mattforde/status/1138860317180604416""><span class=""tco-ellipsis""></span><span class=""invisible"">https://</span><span class=""js-display-url"">twitter.com/mattforde/stat</span><span class=""invisible"">us/1138860317180604416</span><span class=""tco-ellipsis""><span class=""invisible"">ÃÂ </span>Ã¢ÂÂ¦</span></a></p>",['https://twitter.com/mattforde/status/1138860317180604416'],[],False,[],,2,0,0,False,False,,[],offensive_language,6
826,217,217,ThomasBridge3,Openly Gay Ex-Olympic Fencer,619338166,1184788300646752256,/ThomasBridge3/status/1184788300646752256,2019-10-17 11:08:37,1571310517,"What about May loyalists in the party who agreed with her position of no PM being able to sign up to NI only backstop? Her, Alan Duncan, etc?","<p class=""TweetTextSize js-tweet-text tweet-text"" data-aria-label-part=""0"" lang=""en"">What about May loyalists in the party who agreed with her position of no PM being able to sign up to NI only backstop? Her, <strong>Alan Duncan</strong>, etc?</p>",[],[],False,[],,1,0,1,True,True,1.184787545693053e+18,"[{'screen_name': 'jonworth', 'user_id': '17442320'}]",offensive_language,10
828,1904,1904,trencherman333,Steve Ross Ã°ÂÂÂ¬Ã°ÂÂÂ§Ã°ÂÂÂºÃ°ÂÂÂ¸Ã°ÂÂÂ®Ã°ÂÂÂ±,938848795600801794,1150113326925537280,/trencherman333/status/1150113326925537280,2019-07-13 18:42:39,1563043359,"Here's a recent photo of the real ""HMS Alan Duncan""... pic.twitter.com/qcaOBFOf1g","<p class=""TweetTextSize js-tweet-text tweet-text"" data-aria-label-part=""0"" lang=""en"">Here's a recent photo of the real ""HMS <strong>Alan Duncan</strong>""... <a class=""twitter-timeline-link u-hidden"" data-pre-embedded=""true"" dir=""ltr"" href=""https://t.co/qcaOBFOf1g"">pic.twitter.com/qcaOBFOf1g</a></p>",[],[],True,['https://pbs.twimg.com/media/D_YF8bCWkAAgct0.jpg'],,1,0,0,False,True,1.1497142483748576e+18,"[{'screen_name': 'AlanDuncanMP', 'user_id': '114704539'}, {'screen_name': 'HMSDuncan', 'user_id': '708414469085536260'}]",offensive_language,7
840,1350,1350,garyebayliss,Gary Bayliss,3166073363,1144962816652259328,/garyebayliss/status/1144962816652259328,2019-06-29 13:36:22,1561815382,"Sir Alan Duncan, how the Fuck did he get that, who did he sleep with?","<p class=""TweetTextSize js-tweet-text tweet-text"" data-aria-label-part=""0"" lang=""en"">Sir <strong>Alan Duncan</strong>, how the Fuck did he get that, who did he sleep with?</p>",[],[],False,[],,0,0,0,False,True,1.1448987816385332e+18,"[{'screen_name': 'andywigmore', 'user_id': '33851953'}, {'screen_name': 'AlanDuncanMP', 'user_id': '114704539'}, {'screen_name': 'Jeremy_Hunt', 'user_id': '112398730'}]",offensive_language,6
872,1533,1533,MsLesleySmith,lesley smith,125453344,1139053118816235521,/MsLesleySmith/status/1139053118816235521,2019-06-13 06:13:20,1560406400,And Alan Duncan has made it clear that the story is completely inaccurate. Also not sure that denigrating and ridiculing her ministerial colleagues is going to win her support.,"<p class=""TweetTextSize js-tweet-text tweet-text"" data-aria-label-part=""0"" lang=""en"">And <strong>Alan Duncan</strong> has made it clear that the story is completely inaccurate. Also not sure that denigrating and ridiculing her ministerial colleagues is going to win her support.</p>",[],[],False,[],,1,0,0,False,True,1.1387976137661194e+18,"[{'screen_name': 'Sandbach', 'user_id': '92759618'}, {'screen_name': 'LeightonAndrews', 'user_id': '14293301'}]",offensive_language,6
908,1149,1149,tvgenius05,Jonathan Lansana,31888204,1175891425906626561,/tvgenius05/status/1175891425906626561,2019-09-22 21:55:37,1569189337,#ToriesAtWar makes you wonder does Alan Duncan like anyone lol,"<p class=""TweetTextSize js-tweet-text tweet-text"" data-aria-label-part=""0"" lang=""en""><a class=""twitter-hashtag pretty-link js-nav"" data-query-source=""hashtag_click"" dir=""ltr"" href=""/hashtag/ToriesAtWar?src=hash""><s>#</s><b>ToriesAtWar</b></a> makes you wonder does <strong>Alan Duncan</strong> like anyone lol</p>",[],['ToriesAtWar'],False,[],,0,1,1,True,False,,[],offensive_language,9
912,3008,3008,KevinJones26,Kevin Jones,322624623,1149511035604238337,/KevinJones26/status/1149511035604238337,2019-07-12 02:49:22,1562899762,"The two biggest snakes in the conservative governments history are John Major and Alan Duncan, they threw the civil service under the bus to further Hunt the cunt.","<p class=""TweetTextSize js-tweet-text tweet-text"" data-aria-label-part=""0"" lang=""en"">The two biggest snakes in the conservative governments history are John Major and <strong>Alan Duncan</strong>, they threw the civil service under the bus to further Hunt the cunt.</p>",[],[],False,[],,0,0,0,False,False,,[],offensive_language,7
940,1159,1159,sophable,Sophie H,49421512,1175889729956524035,/sophable/status/1175889729956524035,2019-09-22 21:48:53,1569188933,Fuckinghell.  Alan Duncan on this doc is fucking truth bombing like an Exocet. #ToriesAtWar,"<p class=""TweetTextSize js-tweet-text tweet-text"" data-aria-label-part=""0"" lang=""en"">Fuckinghell.  <strong>Alan Duncan</strong> on this doc is fucking truth bombing like an Exocet. <a class=""twitter-hashtag pretty-link js-nav"" data-query-source=""hashtag_click"" dir=""ltr"" href=""/hashtag/ToriesAtWar?src=hash""><s>#</s><b>ToriesAtWar</b></a></p>",[],['ToriesAtWar'],False,[],,8,0,1,True,False,,[],offensive_language,9
954,679,679,TheApparatchik,Lou Read #FBPE+++ Ã°ÂÂÂ¬Ã°ÂÂÂ§Ã°ÂÂÂªÃ°ÂÂÂº,75862834,1165747978021277698,/TheApparatchik/status/1165747978021277698,2019-08-25 22:09:11,1566770951,"Not sure if I misunderstand the tweet but as much as I used to dislike Alan Duncan generally, he isnÃ¢ÂÂt a rabid Brexiter. pic.twitter.com/jbvi57qDE6","<p class=""TweetTextSize js-tweet-text tweet-text"" data-aria-label-part=""0"" lang=""en"">Not sure if I misunderstand the tweet but as much as I used to dislike <strong>Alan Duncan</strong> generally, he isnÃ¢ÂÂt a rabid Brexiter. <a class=""twitter-timeline-link u-hidden"" data-pre-embedded=""true"" dir=""ltr"" href=""https://t.co/jbvi57qDE6"">pic.twitter.com/jbvi57qDE6</a></p>",[],[],True,['https://pbs.twimg.com/media/EC2Rl0lWwAAKOCp.jpg'],,1,0,1,True,True,1.1657140395797873e+18,"[{'screen_name': 'HeleneMidhurst', 'user_id': '975800886'}]",offensive_language,8
976,2144,2144,charlottor,Magic Money Tree Ã°ÂÂÂ³,313331647,1186970417619197953,/charlottor/status/1186970417619197953,2019-10-23 11:39:35,1571830775,Alan Duncan can absolutely get fucked #PMQs,"<p class=""TweetTextSize js-tweet-text tweet-text"" data-aria-label-part=""0"" lang=""en""><strong>Alan Duncan</strong> can absolutely get fucked <a class=""twitter-hashtag pretty-link js-nav"" data-query-source=""hashtag_click"" dir=""ltr"" href=""/hashtag/PMQs?src=hash""><s>#</s><b>PMQs</b></a></p>",[],['PMQs'],False,[],,1,0,0,False,False,,[],offensive_language,10
1054,3240,3240,lynnjackson57,Lynn,1130798750,1149096582937288705,/lynnjackson57/status/1149096582937288705,2019-07-10 23:22:29,1562800949,What does that say about Alan Duncan - a despicable man!,"<p class=""TweetTextSize js-tweet-text tweet-text"" data-aria-label-part=""0"" lang=""en"">What does that say about <strong>Alan Duncan</strong> - a despicable man!</p>",[],[],False,[],,0,0,0,False,True,1.148941878089474e+18,"[{'screen_name': 'wallaceme', 'user_id': '32372694'}, {'screen_name': 'AlanDuncanMP', 'user_id': '114704539'}]",offensive_language,7
1180,1089,1089,Life_Disrupted,Sarah Hurst,889039269637091330,1176079783664529408,/Life_Disrupted/status/1176079783664529408,2019-09-23 10:24:05,1569234245,"Alan Duncan earlier this year: ""It's another day when all the cameras are on the ERG. Who the fuck do they think they are, is what people are saying in the corridors. They want no deal. They're pretending they don't. They're lying."" #ToriesAtWarpic.twitter.com/1hYg83A37E","<p class=""TweetTextSize js-tweet-text tweet-text"" data-aria-label-part=""0"" lang=""en""><strong>Alan Duncan</strong> earlier this year: ""It's another day when all the cameras are on the ERG. Who the fuck do they think they are, is what people are saying in the corridors. They want no deal. They're pretending they don't. They're lying."" <a class=""twitter-hashtag pretty-link js-nav"" data-query-source=""hashtag_click"" dir=""ltr"" href=""/hashtag/ToriesAtWar?src=hash""><s>#</s><b>ToriesAtWar</b></a><a class=""twitter-timeline-link u-hidden"" data-pre-embedded=""true"" dir=""ltr"" href=""https://t.co/1hYg83A37E"">pic.twitter.com/1hYg83A37E</a></p>",[],['ToriesAtWarpic'],True,['https://pbs.twimg.com/media/EFJGTf-WsAAm7Dx.jpg'],,12,6,0,False,False,,[],offensive_language,9
