,Unnamed: 0,Unnamed: 0.1,Unnamed: 0.1.1,screen_name,username,user_id,tweet_id,tweet_url,timestamp,timestamp_epochs,text,text_html,links,hashtags,has_media,img_urls,video_url,likes,retweets,replies,is_replied,is_reply_to,parent_tweet_id,reply_to_users,classofspeech,month
16,16,354,354,sulaAlice,Sue Lane,746246156926201856,1094862602126221312,/sulaAlice/status/1094862602126221312,2019-02-11 07:36:00,1549870560,not to me it doesn't - you must be getting them mixed up with #Conservatives party who have to use bribes & scaremongering to keep them in govt,"<p class=""TweetTextSize js-tweet-text tweet-text"" data-aria-label-part=""0"" lang=""en"">not to me it doesn't - you must be getting them mixed up with <a class=""twitter-hashtag pretty-link js-nav"" data-query-source=""hashtag_click"" dir=""ltr"" href=""/hashtag/Conservatives?src=hash""><s>#</s><b>Conservatives</b></a> party who have to use bribes &amp; scaremongering to keep them in govt</p>",[],['Conservatives'],False,[],,3,1,0,False,True,1.0942853989882552e+18,"[{'screen_name': 'spatzthecat', 'user_id': '255668884'}, {'screen_name': 'L7Politics', 'user_id': '932896746568671232'}]",offensive_language,2
134,134,1572,1572,DGTriniLopez,The Pretender,4188848662,1136645528425574400,/DGTriniLopez/status/1136645528425574400,2019-06-06 14:46:26,1559832386,pic.twitter.com/m9pm6sBUZn,"<p class=""TweetTextSize js-tweet-text tweet-text"" data-aria-label-part=""0"" lang=""und""><a class=""twitter-timeline-link u-hidden"" data-pre-embedded=""true"" dir=""ltr"" href=""https://t.co/m9pm6sBUZn"">pic.twitter.com/m9pm6sBUZn</a></p>",[],[],True,['https://pbs.twimg.com/media/D8YtFMpWsAARRP_.jpg'],,0,0,0,False,True,1.1362210915701024e+18,"[{'screen_name': 'nannybear5', 'user_id': '2734855702'}, {'screen_name': 'K9Finn', 'user_id': '214614191'}]",offensive_language,6
147,147,764,764,lindoyle59,Lin,718580766,1112281367486914560,/lindoyle59/status/1112281367486914560,2019-03-31 09:11:57,1554023517,Definitely got my vote all that you do for our community xx,"<p class=""TweetTextSize js-tweet-text tweet-text"" data-aria-label-part=""0"" lang=""en"">Definitely got my vote all that you do for our community xx</p>",[],[],False,[],,2,1,1,True,True,1.1120404002887352e+18,"[{'screen_name': 'CllrBMurray', 'user_id': '2340216361'}, {'screen_name': 'yewtreeward', 'user_id': '926814193977659392'}]",offensive_language,3
202,202,26,26,flypie,John BradleyÃÂ¢ÃÂÃÂÃÂ¯ÃÂ¸ÃÂ #JB4PM,43358076,1161974345138393088,/flypie/status/1161974345138393088,2019-08-15 12:14:06,1565871246,#twigg4pm @StephenTwigg i s the man you want,"<p class=""TweetTextSize js-tweet-text tweet-text"" data-aria-label-part=""0"" lang=""en""><a class=""twitter-hashtag pretty-link js-nav"" data-query-source=""hashtag_click"" dir=""ltr"" href=""/hashtag/twigg4pm?src=hash""><s>#</s><b>twigg4pm</b></a> <a class=""twitter-atreply pretty-link js-nav"" data-mentioned-user-id=""35781487"" dir=""ltr"" href=""/StephenTwigg""><s>@</s><b><strong>StephenTwigg</strong></b></a> i s the man you want</p>",[],['twigg4pm'],False,[],,0,0,0,False,True,1.1619723811303506e+18,"[{'screen_name': 'CarolineLucas', 'user_id': '80802900'}, {'screen_name': 'joswinson', 'user_id': '14933304'}]",offensive_language,8
219,219,2621,2621,NeilOutOfTime,Baddiel still blacks up,142027319,1124577695990521856,/NeilOutOfTime/status/1124577695990521856,2019-05-04 07:33:11,1556955191,Thats fucked up,"<p class=""TweetTextSize js-tweet-text tweet-text"" data-aria-label-part=""0"" lang=""en"">Thats fucked up</p>",[],[],False,[],,1,0,0,False,True,1.123540656172032e+18,"[{'screen_name': 'NeilOutOfTime', 'user_id': '142027319'}, {'screen_name': 'BlackXList', 'user_id': '30300454'}]",offensive_language,5
251,251,867,867,colinpennkenny,Colin Penn-kenny#FBPE#WE NEED THE GFA,1126112054,1166945590225362944,/colinpennkenny/status/1166945590225362944,2019-08-29 05:28:04,1567056484,"@StephenTwigg I am your constituent Stephen, what the hell are you going to do about this coup??!! Action has to be taken now!!","<p class=""TweetTextSize js-tweet-text tweet-text"" data-aria-label-part=""0"" lang=""en""><a class=""twitter-atreply pretty-link js-nav"" data-mentioned-user-id=""35781487"" dir=""ltr"" href=""/StephenTwigg""><s>@</s><b><strong>StephenTwigg</strong></b></a> I am your constituent Stephen, what the hell are you going to do about this coup??!! Action has to be taken now!!</p>",[],[],False,[],,0,0,0,False,False,,[],offensive_language,8
262,262,1452,1452,MonarchFighting,Number Six,1006328651540033536,1139616263813120000,/MonarchFighting/status/1139616263813120000,2019-06-14 19:31:04,1560540664,@Rees4Neath @jarrowstevemp @Valerie_VazMP @jamiestrangenz @DJohnsonMSP @BobBlackman @janephilpott @StephenTwigg @julianknight15 @JohnStevensonMP @ABridgen @jc4southsuffolk A list of members of parliament convicted of sex offences.https://timetostartcaring.com/a-list-of-members-of-parliament-convicted-of-sex-offences/ÃÂÃÂ ÃÂ¢ÃÂÃÂ¦,"<p class=""TweetTextSize js-tweet-text tweet-text"" data-aria-label-part=""0"" lang=""en""><a class=""twitter-atreply pretty-link js-nav"" data-mentioned-user-id=""1351389578"" dir=""ltr"" href=""/Rees4Neath""><s>@</s><b>Rees4Neath</b></a> @jarrowstevemp <a class=""twitter-atreply pretty-link js-nav"" data-mentioned-user-id=""315283542"" dir=""ltr"" href=""/Valerie_VazMP""><s>@</s><b>Valerie_VazMP</b></a> <a class=""twitter-atreply pretty-link js-nav"" data-mentioned-user-id=""714519316759060480"" dir=""ltr"" href=""/jamiestrangenz""><s>@</s><b>jamiestrangenz</b></a> <a class=""twitter-atreply pretty-link js-nav"" data-mentioned-user-id=""136187446"" dir=""ltr"" href=""/DJohnsonMSP""><s>@</s><b>DJohnsonMSP</b></a> <a class=""twitter-atreply pretty-link js-nav"" data-mentioned-user-id=""805185025"" dir=""ltr"" href=""/BobBlackman""><s>@</s><b>BobBlackman</b></a> <a class=""twitter-atreply pretty-link js-nav"" data-mentioned-user-id=""61638283"" dir=""ltr"" href=""/janephilpott""><s>@</s><b>janephilpott</b></a> <a class=""twitter-atreply pretty-link js-nav"" data-mentioned-user-id=""35781487"" dir=""ltr"" href=""/StephenTwigg""><s>@</s><b><strong>StephenTwigg</strong></b></a> <a class=""twitter-atreply pretty-link js-nav"" data-mentioned-user-id=""1271714653"" dir=""ltr"" href=""/julianknight15""><s>@</s><b>julianknight15</b></a> @JohnStevensonMP <a class=""twitter-atreply pretty-link js-nav"" data-mentioned-user-id=""309587728"" dir=""ltr"" href=""/ABridgen""><s>@</s><b>ABridgen</b></a> <a class=""twitter-atreply pretty-link js-nav"" data-mentioned-user-id=""2776689260"" dir=""ltr"" href=""/jc4southsuffolk""><s>@</s><b>jc4southsuffolk</b></a> A list of members of parliament convicted of sex offences.<a class=""twitter-timeline-link u-hidden"" data-expanded-url=""https://timetostartcaring.com/a-list-of-members-of-parliament-convicted-of-sex-offences/"" dir=""ltr"" href=""https://t.co/t9eGVOlQ5k"" rel=""nofollow noopener"" target=""_blank"" title=""https://timetostartcaring.com/a-list-of-members-of-parliament-convicted-of-sex-offences/""><span class=""tco-ellipsis""></span><span class=""invisible"">https://</span><span class=""js-display-url"">timetostartcaring.com/a-list-of-memb</span><span class=""invisible"">ers-of-parliament-convicted-of-sex-offences/</span><span class=""tco-ellipsis""><span class=""invisible"">ÃÂÃÂ </span>ÃÂ¢ÃÂÃÂ¦</span></a></p>",['https://timetostartcaring.com/a-list-of-members-of-parliament-convicted-of-sex-offences/'],[],False,[],,0,0,0,False,False,,[],offensive_language,6
284,284,621,621,OwenWntr,Owen Winter,3007775279,1119948671561478145,/OwenWntr/status/1119948671561478145,2019-04-21 12:59:05,1555851545,"Yeah, i wasn't sure about that but went for first out MP who was out when first elected.","<p class=""TweetTextSize js-tweet-text tweet-text"" data-aria-label-part=""0"" lang=""en"">Yeah, i wasn't sure about that but went for first out MP who was out when first elected.</p>",[],[],False,[],,2,0,0,False,True,1.1195411409764804e+18,"[{'screen_name': 'BenPBradshaw', 'user_id': '24211594'}, {'screen_name': 'No1Gruff', 'user_id': '2917173573'}]",offensive_language,4
303,303,2252,2252,usera7078,angela pender,1411559766,1142532955870547971,/usera7078/status/1142532955870547971,2019-06-22 20:40:58,1561236058,Meet Molly our local eco friendly dog! I met her and her owner MrX both climate change worriers! @iamCARITAS @CAFOD @CAFODLiverpool @ClimateChangeOb @UKParliament @StephenTwigg @davidabrinnpic.twitter.com/cEUh257AnV,"<p class=""TweetTextSize js-tweet-text tweet-text"" data-aria-label-part=""0"" lang=""en"">Meet Molly our local eco friendly dog! I met her and her owner MrX both climate change worriers! <a class=""twitter-atreply pretty-link js-nav"" data-mentioned-user-id=""21288364"" dir=""ltr"" href=""/iamCARITAS""><s>@</s><b>iamCARITAS</b></a> <a class=""twitter-atreply pretty-link js-nav"" data-mentioned-user-id=""18216250"" dir=""ltr"" href=""/CAFOD""><s>@</s><b>CAFOD</b></a> <a class=""twitter-atreply pretty-link js-nav"" data-mentioned-user-id=""110394273"" dir=""ltr"" href=""/CAFODLiverpool""><s>@</s><b>CAFODLiverpool</b></a> <a class=""twitter-atreply pretty-link js-nav"" data-mentioned-user-id=""994622426326749188"" dir=""ltr"" href=""/ClimateChangeOb""><s>@</s><b>ClimateChangeOb</b></a> <a class=""twitter-atreply pretty-link js-nav"" data-mentioned-user-id=""6467332"" dir=""ltr"" href=""/UKParliament""><s>@</s><b>UKParliament</b></a> <a class=""twitter-atreply pretty-link js-nav"" data-mentioned-user-id=""35781487"" dir=""ltr"" href=""/StephenTwigg""><s>@</s><b><strong>StephenTwigg</strong></b></a> <a class=""twitter-atreply pretty-link js-nav"" data-mentioned-user-id=""777477677213224960"" dir=""ltr"" href=""/davidabrinn""><s>@</s><b>davidabrinn</b></a><a class=""twitter-timeline-link u-hidden"" data-pre-embedded=""true"" dir=""ltr"" href=""https://t.co/cEUh257AnV"">pic.twitter.com/cEUh257AnV</a></p>",[],[],True,['https://pbs.twimg.com/media/D9sXqg5W4AAuxjg.jpg'],,4,1,1,True,False,,[],offensive_language,6
361,361,654,654,fizzy_head,Mickey Demos,2174658107,1119521266292199425,/fizzy_head/status/1119521266292199425,2019-04-20 08:40:44,1555749644,"Well, frankly, I donÃÂ¢ÃÂÃÂt think youÃÂ¢ÃÂÃÂre doing enough. IÃÂ¢ÃÂÃÂm in Richmond-Upon-Thames, and we have 80% BAME and rightly only a couple of white people (and theyÃÂ¢ÃÂÃÂre not cis gendered) , which is what you should be aiming for as a progressive.","<p class=""TweetTextSize js-tweet-text tweet-text"" data-aria-label-part=""0"" lang=""en"">Well, frankly, I donÃÂ¢ÃÂÃÂt think youÃÂ¢ÃÂÃÂre doing enough. IÃÂ¢ÃÂÃÂm in Richmond-Upon-Thames, and we have 80% BAME and rightly only a couple of white people (and theyÃÂ¢ÃÂÃÂre not cis gendered) , which is what you should be aiming for as a progressive.</p>",[],[],False,[],,0,0,0,False,True,1.1191952374176604e+18,"[{'screen_name': 'cllrsamgorst', 'user_id': '918240944574681088'}, {'screen_name': 'harrydoyle96', 'user_id': '102488959'}]",offensive_language,4
372,372,1840,1840,HeyfromChe,ÃÂ°ÃÂÃÂÃÂ§Not voting ALP until women are in charge,769086720679747584,1108007507962662912,/HeyfromChe/status/1108007507962662912,2019-03-19 14:09:10,1553004550,"WTF have you been smoking, dude?  OMG.  England invaded countries to rip off their resources to feed her own greed and turn the inhabitants into barely better than servants.  You declared Aborigines in Aus to not exist so you could steal the land.","<p class=""TweetTextSize js-tweet-text tweet-text"" data-aria-label-part=""0"" lang=""en"">WTF have you been smoking, dude?  OMG.  England invaded countries to rip off their resources to feed her own greed and turn the inhabitants into barely better than servants.  You declared Aborigines in Aus to not exist so you could steal the land.</p>",[],[],False,[],,3,0,1,True,True,1.1075971853555302e+18,"[{'screen_name': 'StephenTwigg', 'user_id': '35781487'}, {'screen_name': 'GillianKeegan', 'user_id': '2986235404'}, {'screen_name': 'timesredbox', 'user_id': '2709717300'}]",offensive_language,3
396,396,727,727,thebigspoonie,Kay,2236359052,1113765372107399169,/thebigspoonie/status/1113765372107399169,2019-04-04 11:28:52,1554377332,"@StephenTwigg Also just wanted to share this with you, my daughter (Age 10), who has been referred for an Autism assessment loves making animations such as this one. https://twitter.com/KayTessyman/status/1089913765901017088ÃÂÃÂ ÃÂ¢ÃÂÃÂ¦ I think this one covers so many grown up worries!","<p class=""TweetTextSize js-tweet-text tweet-text"" data-aria-label-part=""4"" lang=""en""><a class=""twitter-atreply pretty-link js-nav"" data-mentioned-user-id=""35781487"" dir=""ltr"" href=""/StephenTwigg""><s>@</s><b><strong>StephenTwigg</strong></b></a> Also just wanted to share this with you, my daughter (Age 10), who has been referred for an Autism assessment loves making animations such as this one. <a class=""twitter-timeline-link"" data-expanded-url=""https://twitter.com/KayTessyman/status/1089913765901017088"" dir=""ltr"" href=""https://t.co/dFotJpu2TQ"" rel=""nofollow noopener"" target=""_blank"" title=""https://twitter.com/KayTessyman/status/1089913765901017088""><span class=""tco-ellipsis""></span><span class=""invisible"">https://</span><span class=""js-display-url"">twitter.com/KayTessyman/st</span><span class=""invisible"">atus/1089913765901017088</span><span class=""tco-ellipsis""><span class=""invisible"">ÃÂÃÂ </span>ÃÂ¢ÃÂÃÂ¦</span></a> I think this one covers so many grown up worries!</p>",['https://twitter.com/KayTessyman/status/1089913765901017088'],[],False,[],,1,0,0,False,False,,[],offensive_language,4
421,421,1620,1620,UnicornMyths,Debra L Noseworthy,329088983,1136315082051411968,/UnicornMyths/status/1136315082051411968,2019-06-05 16:53:21,1559753601,S.O.B. I hope the hell he got beaten..,"<p class=""TweetTextSize js-tweet-text tweet-text"" data-aria-label-part=""0"" lang=""en"">S.O.B. I hope the hell he got beaten..</p>",[],[],False,[],,1,0,0,False,True,1.1362210915701024e+18,"[{'screen_name': 'nannybear5', 'user_id': '2734855702'}, {'screen_name': 'K9Finn', 'user_id': '214614191'}]",offensive_language,6
436,436,1701,1701,CorinneLamoureu,Corinne Lamoureux,1100807510,1133772424154107904,/CorinneLamoureu/status/1133772424154107904,2019-05-29 16:29:45,1559147385,My MP is Sheryll Murray - at the last GE she said she was proud that we had foodbanks in Cornwall!,"<p class=""TweetTextSize js-tweet-text tweet-text"" data-aria-label-part=""0"" lang=""en"">My MP is Sheryll Murray - at the last GE she said she was proud that we had foodbanks in Cornwall!</p>",[],[],False,[],,0,0,0,False,True,1.1333729240423342e+18,"[{'screen_name': 'NEUnion', 'user_id': '884369177368199168'}, {'screen_name': 'EmmaReynoldsMP', 'user_id': '32965648'}]",offensive_language,5
454,454,2687,2687,BlackXList,"Trizzy Gillespie, Onan the Barbarian",30300454,1123579114638716928,/BlackXList/status/1123579114638716928,2019-05-01 13:25:10,1556717110,pic.twitter.com/WP8w5FhE36,"<p class=""TweetTextSize js-tweet-text tweet-text"" data-aria-label-part=""0"" lang=""und""><a class=""twitter-timeline-link u-hidden"" data-pre-embedded=""true"" dir=""ltr"" href=""https://t.co/WP8w5FhE36"">pic.twitter.com/WP8w5FhE36</a></p>",[],[],True,['https://pbs.twimg.com/media/D5fBPutWkAAkoHa.jpg'],,4,1,1,True,True,1.123540656172032e+18,"[{'screen_name': 'DMiliband', 'user_id': '75896448'}]",offensive_language,5
520,520,2792,2792,SomethingVintag,Helena,286243309,1122770207691485184,/SomethingVintag/status/1122770207691485184,2019-04-29 07:50:52,1556524252,"@AnnaMcMorrin
@amcarmichaelMP
@Gedk
@CatMcKinnell
@PaulWilliamsMP
@GlindonMary
@StephenGethins
@BenMLake
@DavidEDrew
@RichardBurdenMP
@Debbie_abrahams
@RuthGeorge6
@GRobinsonDUP 
@jimforcovsouth 
@CMonaghanSNP
JohnGrogan @lloyd_rm
@JimShannonMP StephenTwigg pic.twitter.com/ajWBVBj52R","<p class=""TweetTextSize js-tweet-text tweet-text"" data-aria-label-part=""0"" lang=""cy""><a class=""twitter-atreply pretty-link js-nav"" data-mentioned-user-id=""14590758"" dir=""ltr"" href=""/AnnaMcMorrin""><s>@</s><b>AnnaMcMorrin</b></a>
<a class=""twitter-atreply pretty-link js-nav"" data-mentioned-user-id=""91786287"" dir=""ltr"" href=""/amcarmichaelMP""><s>@</s><b>amcarmichaelMP</b></a>
<a class=""twitter-atreply pretty-link js-nav"" data-mentioned-user-id=""20441118"" dir=""ltr"" href=""/Gedk""><s>@</s><b>Gedk</b></a>
<a class=""twitter-atreply pretty-link js-nav"" data-mentioned-user-id=""77808680"" dir=""ltr"" href=""/CatMcKinnell""><s>@</s><b>CatMcKinnell</b></a>
<a class=""twitter-atreply pretty-link js-nav"" data-mentioned-user-id=""1191012337597210624"" dir=""ltr"" href=""/PaulWilliamsMP""><s>@</s><b>PaulWilliamsMP</b></a>
<a class=""twitter-atreply pretty-link js-nav"" data-mentioned-user-id=""1191274965783531520"" dir=""ltr"" href=""/GlindonMary""><s>@</s><b>GlindonMary</b></a>
<a class=""twitter-atreply pretty-link js-nav"" data-mentioned-user-id=""997293914"" dir=""ltr"" href=""/StephenGethins""><s>@</s><b>StephenGethins</b></a>
<a class=""twitter-atreply pretty-link js-nav"" data-mentioned-user-id=""456537189"" dir=""ltr"" href=""/BenMLake""><s>@</s><b>BenMLake</b></a>
<a class=""twitter-atreply pretty-link js-nav"" data-mentioned-user-id=""47345180"" dir=""ltr"" href=""/DavidEDrew""><s>@</s><b>DavidEDrew</b></a>
<a class=""twitter-atreply pretty-link js-nav"" data-mentioned-user-id=""253490735"" dir=""ltr"" href=""/RichardBurdenMP""><s>@</s><b>RichardBurdenMP</b></a>
<a class=""twitter-atreply pretty-link js-nav"" data-mentioned-user-id=""225857392"" dir=""ltr"" href=""/Debbie_abrahams""><s>@</s><b>Debbie_abrahams</b></a>
<a class=""twitter-atreply pretty-link js-nav"" data-mentioned-user-id=""528919691"" dir=""ltr"" href=""/RuthGeorge6""><s>@</s><b>RuthGeorge6</b></a>
<a class=""twitter-atreply pretty-link js-nav"" data-mentioned-user-id=""249845912"" dir=""ltr"" href=""/GRobinsonDUP""><s>@</s><b>GRobinsonDUP</b></a> 
@jimforcovsouth 
<a class=""twitter-atreply pretty-link js-nav"" data-mentioned-user-id=""2916227068"" dir=""ltr"" href=""/CMonaghanSNP""><s>@</s><b>CMonaghanSNP</b></a>
JohnGrogan <a class=""twitter-atreply pretty-link js-nav"" data-mentioned-user-id=""38880112"" dir=""ltr"" href=""/lloyd_rm""><s>@</s><b>lloyd_rm</b></a>
<a class=""twitter-atreply pretty-link js-nav"" data-mentioned-user-id=""4104745522"" dir=""ltr"" href=""/JimShannonMP""><s>@</s><b>JimShannonMP</b></a> <strong>StephenTwigg</strong> <a class=""twitter-timeline-link u-hidden"" data-pre-embedded=""true"" dir=""ltr"" href=""https://t.co/ajWBVBj52R"">pic.twitter.com/ajWBVBj52R</a></p>",[],[],True,['https://pbs.twimg.com/media/D5ThjIFW0AEX9QS.png'],,17,26,2,True,False,,[],offensive_language,4
567,567,2177,2177,MonarchFighting,Number Six,1006328651540033536,1144169789612539905,/MonarchFighting/status/1144169789612539905,2019-06-27 09:05:10,1561626310,@EmmaReynoldsMP @khalid4PB @StephenTwigg @Siobhain_MP @KerryMP @SarahChampionMP @meaglemp @EmmaLewellBuck @KevinBrennanMP @BambosMP @RhonddaBryant  A list of MPs convicted of sex offences.https://timetostartcaring.com/british-politics-a-list-of-mps-convicted-of-sex-offences/ÃÂÃÂ ÃÂ¢ÃÂÃÂ¦,"<p class=""TweetTextSize js-tweet-text tweet-text"" data-aria-label-part=""0"" lang=""en""><a class=""twitter-atreply pretty-link js-nav"" data-mentioned-user-id=""32965648"" dir=""ltr"" href=""/EmmaReynoldsMP""><s>@</s><b>EmmaReynoldsMP</b></a> <a class=""twitter-atreply pretty-link js-nav"" data-mentioned-user-id=""3030160806"" dir=""ltr"" href=""/khalid4PB""><s>@</s><b>khalid4PB</b></a> <a class=""twitter-atreply pretty-link js-nav"" data-mentioned-user-id=""35781487"" dir=""ltr"" href=""/StephenTwigg""><s>@</s><b><strong>StephenTwigg</strong></b></a> <a class=""twitter-atreply pretty-link js-nav"" data-mentioned-user-id=""1191818765962555392"" dir=""ltr"" href=""/Siobhain_mp""><s>@</s><b>Siobhain_MP</b></a> <a class=""twitter-atreply pretty-link js-nav"" data-mentioned-user-id=""18099795"" dir=""ltr"" href=""/KerryMP""><s>@</s><b>KerryMP</b></a> <a class=""twitter-atreply pretty-link js-nav"" data-mentioned-user-id=""948015937"" dir=""ltr"" href=""/SarahChampionMP""><s>@</s><b>SarahChampionMP</b></a> <a class=""twitter-atreply pretty-link js-nav"" data-mentioned-user-id=""192935794"" dir=""ltr"" href=""/meaglemp""><s>@</s><b>meaglemp</b></a> <a class=""twitter-atreply pretty-link js-nav"" data-mentioned-user-id=""737066858"" dir=""ltr"" href=""/EmmaLewellBuck""><s>@</s><b>EmmaLewellBuck</b></a> <a class=""twitter-atreply pretty-link js-nav"" data-mentioned-user-id=""21746513"" dir=""ltr"" href=""/KevinBrennanMP""><s>@</s><b>KevinBrennanMP</b></a> @BambosMP <a class=""twitter-atreply pretty-link js-nav"" data-mentioned-user-id=""20995648"" dir=""ltr"" href=""/RhonddaBryant""><s>@</s><b>RhonddaBryant</b></a>  A list of MPs convicted of sex offences.<a class=""twitter-timeline-link u-hidden"" data-expanded-url=""https://timetostartcaring.com/british-politics-a-list-of-mps-convicted-of-sex-offences/"" dir=""ltr"" href=""https://t.co/HslbHMyXce"" rel=""nofollow noopener"" target=""_blank"" title=""https://timetostartcaring.com/british-politics-a-list-of-mps-convicted-of-sex-offences/""><span class=""tco-ellipsis""></span><span class=""invisible"">https://</span><span class=""js-display-url"">timetostartcaring.com/british-politi</span><span class=""invisible"">cs-a-list-of-mps-convicted-of-sex-offences/</span><span class=""tco-ellipsis""><span class=""invisible"">ÃÂÃÂ </span>ÃÂ¢ÃÂÃÂ¦</span></a></p>",['https://timetostartcaring.com/british-politics-a-list-of-mps-convicted-of-sex-offences/'],[],False,[],,0,0,0,False,False,,[],offensive_language,6
569,569,555,555,JEMsoc,Cllr Janet Emsley ÃÂ°ÃÂÃÂÃÂ¹,1337717648,1130069006868799488,/JEMsoc/status/1130069006868799488,2019-05-19 11:13:41,1558264421,"Where is she making this claim? Was this just a dream? No, itÃÂ¢ÃÂÃÂs real! @Tom_Besford @JEMsoc @LabourRochdalepic.twitter.com/PYzhxEOR9j","<p class=""TweetTextSize js-tweet-text tweet-text"" data-aria-label-part=""0"" lang=""en"">Where is she making this claim? Was this just a dream? No, itÃÂ¢ÃÂÃÂs real! <a class=""twitter-atreply pretty-link js-nav"" data-mentioned-user-id=""1451771623"" dir=""ltr"" href=""/Tom_Besford""><s>@</s><b>Tom_Besford</b></a> <a class=""twitter-atreply pretty-link js-nav"" data-mentioned-user-id=""1337717648"" dir=""ltr"" href=""/JEMsoc""><s>@</s><b>JEMsoc</b></a> <a class=""twitter-atreply pretty-link js-nav"" data-mentioned-user-id=""880413627991429121"" dir=""ltr"" href=""/LabourRochdale""><s>@</s><b>LabourRochdale</b></a><a class=""twitter-timeline-link u-hidden"" data-pre-embedded=""true"" dir=""ltr"" href=""https://t.co/PYzhxEOR9j"">pic.twitter.com/PYzhxEOR9j</a></p>",[],[],True,['https://pbs.twimg.com/media/D67PxM8X4AAZqSL.jpg'],,4,0,1,True,True,1.1300683214104004e+18,"[{'screen_name': 'LizMcInnes_MP', 'user_id': '2813746248'}, {'screen_name': 'CllrJaneHoward', 'user_id': '406974626'}]",offensive_language,5
584,584,1091,1091,mrjohnnice,John ÃÂ°ÃÂÃÂÃÂ¬ÃÂ°ÃÂÃÂÃÂ§ #GeneralElectionNow #DrainTheSwamp,65590978,1099614427509329920,/mrjohnnice/status/1099614427509329920,2019-02-24 10:18:04,1551003484,Even though my MP @StephenTwigg I'm sure would stand by the referendum result.  So I'm sure I'll be fine,"<p class=""TweetTextSize js-tweet-text tweet-text"" data-aria-label-part=""0"" lang=""en"">Even though my MP <a class=""twitter-atreply pretty-link js-nav"" data-mentioned-user-id=""35781487"" dir=""ltr"" href=""/StephenTwigg""><s>@</s><b><strong>StephenTwigg</strong></b></a> I'm sure would stand by the referendum result.  So I'm sure I'll be fine</p>",[],[],False,[],,0,0,0,False,True,1.0993447703239598e+18,"[{'screen_name': 'mrjohnnice', 'user_id': '65590978'}, {'screen_name': 'GrumpyOldShares', 'user_id': '832546104537382912'}]",offensive_language,2
587,587,2054,2054,HollyLodgeLiver,Holly Lodge,370235421,1103722669000876032,/HollyLodgeLiver/status/1103722669000876032,2019-03-07 18:22:45,1551982965,Year 13 pupil Mona describing her experiences on the Liverpool to Oxbridge collaborative at this years launch for year 10 @StephenTwigg pic.twitter.com/nkFn0SOSnM,"<p class=""TweetTextSize js-tweet-text tweet-text"" data-aria-label-part=""0"" lang=""en"">Year 13 pupil Mona describing her experiences on the Liverpool to Oxbridge collaborative at this years launch for year 10 <a class=""twitter-atreply pretty-link js-nav"" data-mentioned-user-id=""35781487"" dir=""ltr"" href=""/StephenTwigg""><s>@</s><b><strong>StephenTwigg</strong></b></a> <a class=""twitter-timeline-link u-hidden"" data-pre-embedded=""true"" dir=""ltr"" href=""https://t.co/nkFn0SOSnM"">pic.twitter.com/nkFn0SOSnM</a></p>",[],[],True,['https://pbs.twimg.com/media/D1E158WWsAAsrr_.jpg'],,2,0,0,False,False,,[],offensive_language,3
590,590,1749,1749,John_D_Lewis,John D. Lewis,189441028,1109362505237839872,/John_D_Lewis/status/1109362505237839872,2019-03-23 07:53:26,1553327606,"Are you sure. I think you'll find that is Stephen Twigg, MP. pic.twitter.com/43504cI2Me","<p class=""TweetTextSize js-tweet-text tweet-text"" data-aria-label-part=""0"" lang=""en"">Are you sure. I think you'll find that is <strong>Stephen Twigg</strong>, MP. <a class=""twitter-timeline-link u-hidden"" data-pre-embedded=""true"" dir=""ltr"" href=""https://t.co/43504cI2Me"">pic.twitter.com/43504cI2Me</a></p>",[],[],True,"['https://pbs.twimg.com/media/D2U_TrOWwAE00xa.jpg', 'https://pbs.twimg.com/media/D2U_TrQXcAAAPTz.jpg']",,1,0,1,True,True,1.1091501872205414e+18,"[{'screen_name': 'Citruscrush', 'user_id': '261643368'}, {'screen_name': 'PaulJSweeney', 'user_id': '83483361'}]",offensive_language,3
639,639,1467,1467,nortonmum,Lolly,634493815,1139207377599774721,/nortonmum/status/1139207377599774721,2019-06-13 16:26:18,1560443178,Ok IÃÂ¢ÃÂÃÂll tell her to contact YOU ,"<p class=""TweetTextSize js-tweet-text tweet-text"" data-aria-label-part=""0"" lang=""en"">Ok IÃÂ¢ÃÂÃÂll tell her to contact YOU <img alt=""ÃÂ°ÃÂÃÂ¤ÃÂ¦ÃÂ¢ÃÂÃÂÃÂ¢ÃÂÃÂÃÂ¯ÃÂ¸ÃÂ"" aria-label=""Emoji: Woman facepalming"" class=""Emoji Emoji--forText"" draggable=""false"" src=""https://abs.twimg.com/emoji/v2/72x72/1f926-200d-2640-fe0f.png"" title=""Woman facepalming""/></p>",[],[],False,[],,1,0,0,False,True,1.139171367784538e+18,"[{'screen_name': 'StephenTwigg', 'user_id': '35781487'}]",offensive_language,6
665,665,1730,1730,John_D_Lewis,John D. Lewis,189441028,1109362505237839872,/John_D_Lewis/status/1109362505237839872,2019-03-23 07:53:26,1553327606,"Are you sure. I think you'll find that is Stephen Twigg, MP. pic.twitter.com/43504cI2Me","<p class=""TweetTextSize js-tweet-text tweet-text"" data-aria-label-part=""0"" lang=""en"">Are you sure. I think you'll find that is <strong>Stephen Twigg</strong>, MP. <a class=""twitter-timeline-link u-hidden"" data-pre-embedded=""true"" dir=""ltr"" href=""https://t.co/43504cI2Me"">pic.twitter.com/43504cI2Me</a></p>",[],[],True,"['https://pbs.twimg.com/media/D2U_TrOWwAE00xa.jpg', 'https://pbs.twimg.com/media/D2U_TrQXcAAAPTz.jpg']",,1,0,1,True,True,1.1091501872205414e+18,"[{'screen_name': 'Citruscrush', 'user_id': '261643368'}, {'screen_name': 'PaulJSweeney', 'user_id': '83483361'}]",offensive_language,3
697,697,2191,2191,lawt_d,D Dunlop LaWT,568349106,1143938762927423488,/lawt_d/status/1143938762927423488,2019-06-26 17:47:09,1561571229,"We at @Lancswildlife would be happy to meet you too, Mr Twigg (especially about a #WilderFuture); but @usera7078 is your constituent, so we wonÃÂ¢ÃÂÃÂt ÃÂ¢ÃÂÃÂsteal her thunderÃÂ¢ÃÂÃÂ!","<p class=""TweetTextSize js-tweet-text tweet-text"" data-aria-label-part=""0"" lang=""en"">We at <a class=""twitter-atreply pretty-link js-nav"" data-mentioned-user-id=""19591396"" dir=""ltr"" href=""/Lancswildlife""><s>@</s><b>Lancswildlife</b></a> would be happy to meet you too, Mr Twigg (especially about a <a class=""twitter-hashtag pretty-link js-nav"" data-query-source=""hashtag_click"" dir=""ltr"" href=""/hashtag/WilderFuture?src=hash""><s>#</s><b>WilderFuture</b></a>); but <a class=""twitter-atreply pretty-link js-nav"" data-mentioned-user-id=""1411559766"" dir=""ltr"" href=""/usera7078""><s>@</s><b>usera7078</b></a> is your constituent, so we wonÃÂ¢ÃÂÃÂt ÃÂ¢ÃÂÃÂsteal her thunderÃÂ¢ÃÂÃÂ!</p>",[],['WilderFuture'],False,[],,2,0,0,False,True,1.1438879908523744e+18,"[{'screen_name': 'StephenTwigg', 'user_id': '35781487'}, {'screen_name': 'usera7078', 'user_id': '1411559766'}, {'screen_name': 'CAFOD', 'user_id': '18216250'}]",offensive_language,6
741,741,2077,2077,ScribesLike,Charles Waples,3427998544,1103265460856995841,/ScribesLike/status/1103265460856995841,2019-03-06 12:05:58,1551873958,Were you up for Portillo? #stephentwigg #livescribing #internationaldevelopmentpic.twitter.com/oO53RUmL66,"<p class=""TweetTextSize js-tweet-text tweet-text"" data-aria-label-part=""0"" lang=""en"">Were you up for Portillo? <a class=""twitter-hashtag pretty-link js-nav"" data-query-source=""hashtag_click"" dir=""ltr"" href=""/hashtag/stephentwigg?src=hash""><s>#</s><b><strong>stephentwigg</strong></b></a> <a class=""twitter-hashtag pretty-link js-nav"" data-query-source=""hashtag_click"" dir=""ltr"" href=""/hashtag/livescribing?src=hash""><s>#</s><b>livescribing</b></a> <a class=""twitter-hashtag pretty-link js-nav"" data-query-source=""hashtag_click"" dir=""ltr"" href=""/hashtag/internationaldevelopment?src=hash""><s>#</s><b>internationaldevelopment</b></a><a class=""twitter-timeline-link u-hidden"" data-pre-embedded=""true"" dir=""ltr"" href=""https://t.co/oO53RUmL66"">pic.twitter.com/oO53RUmL66</a></p>",[],"['stephentwigg', 'livescribing', 'internationaldevelopmentpic']",True,['https://pbs.twimg.com/media/D0-WEadX0AAM5Qv.jpg'],,0,0,0,False,False,,[],offensive_language,3
819,819,367,367,harrydoyle96,Harry Doyle,102488959,1117103427950084097,/harrydoyle96/status/1117103427950084097,2019-04-13 16:33:06,1555173186,Thank you all so much!! ,"<p class=""TweetTextSize js-tweet-text tweet-text"" data-aria-label-part=""0"" lang=""en"">Thank you all so much!! <img alt=""ÃÂ°ÃÂÃÂÃÂ¹"" aria-label=""Emoji: Rose"" class=""Emoji Emoji--forText"" draggable=""false"" src=""https://abs.twimg.com/emoji/v2/72x72/1f339.png"" title=""Rose""/></p>",[],[],False,[],,1,0,0,False,True,1.1171008619420058e+18,"[{'screen_name': 'StephenTwigg', 'user_id': '35781487'}, {'screen_name': 'WestDerbyCLP', 'user_id': '501182918'}, {'screen_name': 'sharonconnor28', 'user_id': '101552645'}]",offensive_language,4
894,894,3133,3133,AnnaMayes16,Gertrude Perkins,137034254,1148248637543202817,/AnnaMayes16/status/1148248637543202817,2019-07-08 15:13:03,1562598783,All the very best to you @StephenTwigg. We met in Stowmarket in 2000 when you came to speak to our CLP and I was captivated! My only regret is that I didn't bring this along and ask you to sign it! Another time perhaps... pic.twitter.com/9aBoJ3RdOn,"<p class=""TweetTextSize js-tweet-text tweet-text"" data-aria-label-part=""0"" lang=""en"">All the very best to you <a class=""twitter-atreply pretty-link js-nav"" data-mentioned-user-id=""35781487"" dir=""ltr"" href=""/StephenTwigg""><s>@</s><b><strong>StephenTwigg</strong></b></a>. We met in Stowmarket in 2000 when you came to speak to our CLP and I was captivated! My only regret is that I didn't bring this along and ask you to sign it! Another time perhaps... <a class=""twitter-timeline-link u-hidden"" data-pre-embedded=""true"" dir=""ltr"" href=""https://t.co/9aBoJ3RdOn"">pic.twitter.com/9aBoJ3RdOn</a></p>",[],[],True,['https://pbs.twimg.com/media/D-9mCugWwAAp4k4.jpg'],,6,1,0,False,True,1.1482340337023631e+18,"[{'screen_name': 'StephenTwigg', 'user_id': '35781487'}]",offensive_language,7
955,955,2939,2939,harrydoyle96,Harry Doyle,102488959,1148315579012567040,/harrydoyle96/status/1148315579012567040,2019-07-08 19:39:03,1562614743,If you saw my hair right now you wouldnÃÂ¢ÃÂÃÂt take me seriously ,"<p class=""TweetTextSize js-tweet-text tweet-text"" data-aria-label-part=""0"" lang=""en"">If you saw my hair right now you wouldnÃÂ¢ÃÂÃÂt take me seriously <img alt=""ÃÂ°ÃÂÃÂ¤ÃÂ£"" aria-label=""Emoji: Rolling on the floor laughing"" class=""Emoji Emoji--forText"" draggable=""false"" src=""https://abs.twimg.com/emoji/v2/72x72/1f923.png"" title=""Rolling on the floor laughing""/></p>",[],[],False,[],,2,0,1,True,True,1.1482340337023631e+18,"[{'screen_name': 'IanMc84', 'user_id': '477081138'}, {'screen_name': 'StephenTwigg', 'user_id': '35781487'}, {'screen_name': 'WestDerbyCLP', 'user_id': '501182918'}]",offensive_language,7
995,995,456,456,AnitaBellows12,Anita Bellows,443088751,1114287815297314819,/AnitaBellows12/status/1114287815297314819,2019-04-05 22:04:52,1554501892,Does it make sense to you?,"<p class=""TweetTextSize js-tweet-text tweet-text"" data-aria-label-part=""0"" lang=""en"">Does it make sense to you?</p>",[],[],False,[],,0,0,0,False,True,1.1091071597474364e+18,"[{'screen_name': 'AmateurFOI', 'user_id': '2363076895'}, {'screen_name': 'KevinHiggins27', 'user_id': '440812383'}]",offensive_language,4
1009,1009,1109,1109,pippwill,pipped,298811525,1159500853952360448,/pippwill/status/1159500853952360448,2019-08-08 16:25:20,1565281520,@northernassist @Transport4North @grantshapps @StephenTwigg are you having a fucking laugh - again cancelling stops that we have paid for because you canÃÂ¢ÃÂÃÂt run the service on time I ask again how do I claim compensation because on Sunday when I asked nothing #NorthernFail,"<p class=""TweetTextSize js-tweet-text tweet-text"" data-aria-label-part=""0"" lang=""en""><a class=""twitter-atreply pretty-link js-nav"" data-mentioned-user-id=""194512268"" dir=""ltr"" href=""/northernassist""><s>@</s><b>northernassist</b></a> <a class=""twitter-atreply pretty-link js-nav"" data-mentioned-user-id=""756392792310636544"" dir=""ltr"" href=""/Transport4North""><s>@</s><b>Transport4North</b></a> <a class=""twitter-atreply pretty-link js-nav"" data-mentioned-user-id=""14104027"" dir=""ltr"" href=""/grantshapps""><s>@</s><b>grantshapps</b></a> <a class=""twitter-atreply pretty-link js-nav"" data-mentioned-user-id=""35781487"" dir=""ltr"" href=""/StephenTwigg""><s>@</s><b><strong>StephenTwigg</strong></b></a> are you having a fucking laugh - again cancelling stops that we have paid for because you canÃÂ¢ÃÂÃÂt run the service on time I ask again how do I claim compensation because on Sunday when I asked nothing <a class=""twitter-hashtag pretty-link js-nav"" data-query-source=""hashtag_click"" dir=""ltr"" href=""/hashtag/NorthernFail?src=hash""><s>#</s><b>NorthernFail</b></a></p>",[],['NorthernFail'],False,[],,0,0,2,True,False,,[],offensive_language,8
1016,1016,3332,3332,stekettle,Steven Kettle,31537545,1144395267900432385,/stekettle/status/1144395267900432385,2019-06-28 00:01:08,1561680068,Says more about you than me that.,"<p class=""TweetTextSize js-tweet-text tweet-text"" data-aria-label-part=""0"" lang=""en"">Says more about you than me that.</p>",[],[],False,[],,0,0,1,True,True,1.1435993540722278e+18,"[{'screen_name': 'alfrikr', 'user_id': '1141762175138193408'}, {'screen_name': 'SocialM85897394', 'user_id': '879333486724861952'}]",offensive_language,6
1051,1051,1470,1470,nortonmum,Lolly,634493815,1139171367784538112,/nortonmum/status/1139171367784538112,2019-06-13 14:03:13,1560434593,My friend works at #LinenWarehouse as of 12pm today ceased trading all staff redundant. WhatÃÂ¢ÃÂÃÂs worse is theyÃÂ¢ÃÂÃÂve just told her she wonÃÂ¢ÃÂÃÂt be paid on 28th & to claim it from Gov..only takes 3 to 4 weeks said the man she wanted to punch! IÃÂ¢ÃÂÃÂm sure her bills will wait  @StephenTwigg,"<p class=""TweetTextSize js-tweet-text tweet-text"" data-aria-label-part=""0"" lang=""en"">My friend works at <a class=""twitter-hashtag pretty-link js-nav"" data-query-source=""hashtag_click"" dir=""ltr"" href=""/hashtag/LinenWarehouse?src=hash""><s>#</s><b>LinenWarehouse</b></a> as of 12pm today ceased trading all staff redundant. WhatÃÂ¢ÃÂÃÂs worse is theyÃÂ¢ÃÂÃÂve just told her she wonÃÂ¢ÃÂÃÂt be paid on 28th &amp; to claim it from Gov..only takes 3 to 4 weeks said the man she wanted to punch! IÃÂ¢ÃÂÃÂm sure her bills will wait <img alt=""ÃÂ°ÃÂÃÂÃÂ¡"" aria-label=""Emoji: Pouting face"" class=""Emoji Emoji--forText"" draggable=""false"" src=""https://abs.twimg.com/emoji/v2/72x72/1f621.png"" title=""Pouting face""/> <a class=""twitter-atreply pretty-link js-nav"" data-mentioned-user-id=""35781487"" dir=""ltr"" href=""/StephenTwigg""><s>@</s><b><strong>StephenTwigg</strong></b></a></p>",[],['LinenWarehouse'],False,[],,0,0,1,True,False,,[],offensive_language,6
1059,1059,1129,1129,pippwill,pipped,298811525,1159500853952360448,/pippwill/status/1159500853952360448,2019-08-08 16:25:20,1565281520,@northernassist @Transport4North @grantshapps @StephenTwigg are you having a fucking laugh - again cancelling stops that we have paid for because you canÃÂ¢ÃÂÃÂt run the service on time I ask again how do I claim compensation because on Sunday when I asked nothing #NorthernFail,"<p class=""TweetTextSize js-tweet-text tweet-text"" data-aria-label-part=""0"" lang=""en""><a class=""twitter-atreply pretty-link js-nav"" data-mentioned-user-id=""194512268"" dir=""ltr"" href=""/northernassist""><s>@</s><b>northernassist</b></a> <a class=""twitter-atreply pretty-link js-nav"" data-mentioned-user-id=""756392792310636544"" dir=""ltr"" href=""/Transport4North""><s>@</s><b>Transport4North</b></a> <a class=""twitter-atreply pretty-link js-nav"" data-mentioned-user-id=""14104027"" dir=""ltr"" href=""/grantshapps""><s>@</s><b>grantshapps</b></a> <a class=""twitter-atreply pretty-link js-nav"" data-mentioned-user-id=""35781487"" dir=""ltr"" href=""/StephenTwigg""><s>@</s><b><strong>StephenTwigg</strong></b></a> are you having a fucking laugh - again cancelling stops that we have paid for because you canÃÂ¢ÃÂÃÂt run the service on time I ask again how do I claim compensation because on Sunday when I asked nothing <a class=""twitter-hashtag pretty-link js-nav"" data-query-source=""hashtag_click"" dir=""ltr"" href=""/hashtag/NorthernFail?src=hash""><s>#</s><b>NorthernFail</b></a></p>",[],['NorthernFail'],False,[],,0,0,2,True,False,,[],offensive_language,8
1090,1090,2964,2964,_xPC,Paul Carney,58368087,1148303977571934208,/_xPC/status/1148303977571934208,2019-07-08 18:52:57,1562611977,"Stephen! So sorry to hear you'll be stepping down as an MP at the next GE but hearted by knowing that whatever road you now take, you'll always step up for those in need of your help. Been a pleasure campaigning with you & when the time comes, I wish you every possible success xP","<p class=""TweetTextSize js-tweet-text tweet-text"" data-aria-label-part=""0"" lang=""en"">Stephen! So sorry to hear you'll be stepping down as an MP at the next GE but hearted by knowing that whatever road you now take, you'll always step up for those in need of your help. Been a pleasure campaigning with you &amp; when the time comes, I wish you every possible success xP</p>",[],[],False,[],,0,0,0,False,True,1.1482340337023631e+18,"[{'screen_name': 'StephenTwigg', 'user_id': '35781487'}, {'screen_name': 'WestDerbyCLP', 'user_id': '501182918'}]",offensive_language,7
1160,1160,1839,1839,HeyfromChe,ÃÂ°ÃÂÃÂÃÂ§Not voting ALP until women are in charge,769086720679747584,1108007989066125312,/HeyfromChe/status/1108007989066125312,2019-03-19 14:11:05,1553004665,"You exported capitalism everywhere which is now causing ALL the problems you see.  You have low life cretins like 'Tommy Robinson' and Milo Yiannopolous who export their own brand of white supremacy and hate to other countries.
Stop tripping and get back to earth.","<p class=""TweetTextSize js-tweet-text tweet-text"" data-aria-label-part=""0"" lang=""en"">You exported capitalism everywhere which is now causing ALL the problems you see.  You have low life cretins like 'Tommy Robinson' and Milo Yiannopolous who export their own brand of white supremacy and hate to other countries.
Stop tripping and get back to earth.</p>",[],[],False,[],,0,0,0,False,True,1.1075971853555302e+18,"[{'screen_name': 'HeyfromChe', 'user_id': '769086720679747584'}, {'screen_name': 'StephenTwigg', 'user_id': '35781487'}]",offensive_language,3
1187,1187,1597,1597,JulieMcKie,Julie Stevenson,66308240,1136389465239445504,/JulieMcKie/status/1136389465239445504,2019-06-05 21:48:56,1559771336,#cunt,"<p class=""TweetTextSize js-tweet-text tweet-text"" data-aria-label-part=""0"" lang=""und""><a class=""twitter-hashtag pretty-link js-nav"" data-query-source=""hashtag_click"" dir=""ltr"" href=""/hashtag/cunt?src=hash""><s>#</s><b>cunt</b></a></p>",[],['cunt'],False,[],,0,0,0,False,True,1.1362210915701024e+18,"[{'screen_name': 'nannybear5', 'user_id': '2734855702'}, {'screen_name': 'K9Finn', 'user_id': '214614191'}]",offensive_language,6
1235,1235,618,618,MahaRazar,Maharazr ÃÂ¡ÃÂÃÂÃÂ¡ÃÂÃÂÃÂ¡ÃÂÃÂ¬ÃÂ¡ÃÂÃÂÃÂ¡ÃÂÃÂ¬ÃÂ¡ÃÂÃÂÃÂ¡ÃÂÃÂ¬ÃÂ¡ÃÂÃÂÃÂ¡ÃÂÃÂÃÂ¡ÃÂÃÂ¹ÃÂ¡ÃÂÃÂ¸,902186355534344196,1120341187599056896,/MahaRazar/status/1120341187599056896,2019-04-22 14:58:48,1555945128,"DonÃÂ¢ÃÂÃÂt Lie Genocide,popularity terms of ÃÂ¢ÃÂÃÂMedia PollutionÃÂ¢ÃÂÃÂ by Bullshit Rohingya Bangladeshi @realDonaldTrump @RoyalFamily
@EUCouncil @IvankaTrump
@StephenTwigg @MatthewRycroft1
@glennkessler @klustout @JensStappenbeck @SarahTeitt @APR2P @GCR2P @SAdamsR2P @Alex_J_Bellamy @BBCWorldhttps://twitter.com/MahaRazar/status/1119389040610922496ÃÂÃÂ ÃÂ¢ÃÂÃÂ¦","<p class=""TweetTextSize js-tweet-text tweet-text"" data-aria-label-part=""4"" lang=""en"">DonÃÂ¢ÃÂÃÂt Lie Genocide,popularity terms of ÃÂ¢ÃÂÃÂMedia PollutionÃÂ¢ÃÂÃÂ by Bullshit Rohingya Bangladeshi <a class=""twitter-atreply pretty-link js-nav"" data-mentioned-user-id=""25073877"" dir=""ltr"" href=""/realDonaldTrump""><s>@</s><b>realDonaldTrump</b></a> <a class=""twitter-atreply pretty-link js-nav"" data-mentioned-user-id=""36042554"" dir=""ltr"" href=""/RoyalFamily""><s>@</s><b>RoyalFamily</b></a>
<a class=""twitter-atreply pretty-link js-nav"" data-mentioned-user-id=""206717989"" dir=""ltr"" href=""/EUCouncil""><s>@</s><b>EUCouncil</b></a> <a class=""twitter-atreply pretty-link js-nav"" data-mentioned-user-id=""52544275"" dir=""ltr"" href=""/IvankaTrump""><s>@</s><b>IvankaTrump</b></a>
<a class=""twitter-atreply pretty-link js-nav"" data-mentioned-user-id=""35781487"" dir=""ltr"" href=""/StephenTwigg""><s>@</s><b><strong>StephenTwigg</strong></b></a> <a class=""twitter-atreply pretty-link js-nav"" data-mentioned-user-id=""504899447"" dir=""ltr"" href=""/MatthewRycroft1""><s>@</s><b>MatthewRycroft1</b></a>
<a class=""twitter-atreply pretty-link js-nav"" data-mentioned-user-id=""16047359"" dir=""ltr"" href=""/GlennKessler""><s>@</s><b>glennkessler</b></a> <a class=""twitter-atreply pretty-link js-nav"" data-mentioned-user-id=""22587869"" dir=""ltr"" href=""/klustout""><s>@</s><b>klustout</b></a> <a class=""twitter-atreply pretty-link js-nav"" data-mentioned-user-id=""986586639614054401"" dir=""ltr"" href=""/JensStappenbeck""><s>@</s><b>JensStappenbeck</b></a> <a class=""twitter-atreply pretty-link js-nav"" data-mentioned-user-id=""333130856"" dir=""ltr"" href=""/SarahTeitt""><s>@</s><b>SarahTeitt</b></a> <a class=""twitter-atreply pretty-link js-nav"" data-mentioned-user-id=""2787078667"" dir=""ltr"" href=""/APR2P""><s>@</s><b>APR2P</b></a> <a class=""twitter-atreply pretty-link js-nav"" data-mentioned-user-id=""369550912"" dir=""ltr"" href=""/GCR2P""><s>@</s><b>GCR2P</b></a> <a class=""twitter-atreply pretty-link js-nav"" data-mentioned-user-id=""372350619"" dir=""ltr"" href=""/SAdamsR2P""><s>@</s><b>SAdamsR2P</b></a> <a class=""twitter-atreply pretty-link js-nav"" data-mentioned-user-id=""2217617918"" dir=""ltr"" href=""/Alex_J_Bellamy""><s>@</s><b>Alex_J_Bellamy</b></a> <a class=""twitter-atreply pretty-link js-nav"" data-mentioned-user-id=""742143"" dir=""ltr"" href=""/BBCWorld""><s>@</s><b>BBCWorld</b></a><a class=""twitter-timeline-link u-hidden"" data-expanded-url=""https://twitter.com/MahaRazar/status/1119389040610922496"" dir=""ltr"" href=""https://t.co/x0IFpe53LX"" rel=""nofollow noopener"" target=""_blank"" title=""https://twitter.com/MahaRazar/status/1119389040610922496""><span class=""tco-ellipsis""></span><span class=""invisible"">https://</span><span class=""js-display-url"">twitter.com/MahaRazar/stat</span><span class=""invisible"">us/1119389040610922496</span><span class=""tco-ellipsis""><span class=""invisible"">ÃÂÃÂ </span>ÃÂ¢ÃÂÃÂ¦</span></a></p>",['https://twitter.com/MahaRazar/status/1119389040610922496'],[],False,[],,5,2,0,False,False,,[],offensive_language,4
1259,1259,2467,2467,NDisability,Need a life from disability's #GTTO #SrapUC.ÃÂ°ÃÂÃÂÃÂ¢,1009807006914568193,1148655906416029696,/NDisability/status/1148655906416029696,2019-07-09 18:11:23,1562695883,"Your right again, I'm not so good with it hahaha, so I will leave that to you","<p class=""TweetTextSize js-tweet-text tweet-text"" data-aria-label-part=""0"" lang=""en"">Your right again, I'm not so good with it hahaha, so I will leave that to you<img alt=""ÃÂ°ÃÂÃÂÃÂ"" aria-label=""Emoji: Smiling face with smiling eyes"" class=""Emoji Emoji--forText"" draggable=""false"" src=""https://abs.twimg.com/emoji/v2/72x72/1f60a.png"" title=""Smiling face with smiling eyes""/></p>",[],[],False,[],,0,0,1,True,True,1.1091071597474364e+18,"[{'screen_name': 'benefitforums', 'user_id': '1057733544'}, {'screen_name': 'AnitaBellows12', 'user_id': '443088751'}]",offensive_language,7
1296,1296,1694,1694,go2alexUK,Go2Alex ÃÂ°ÃÂÃÂÃÂ,2427233325,1134104451072106496,/go2alexUK/status/1134104451072106496,2019-05-30 14:29:06,1559226546,@LpoolBIDcompany @LpoolCityRegion @lpoolcouncil @StephenTwigg QueenÃÂ¢ÃÂÃÂs Drive should be renamed Sir Ken Dodd Drive! pic.twitter.com/eKNSjOpc9g,"<p class=""TweetTextSize js-tweet-text tweet-text"" data-aria-label-part=""0"" lang=""en""><a class=""twitter-atreply pretty-link js-nav"" data-mentioned-user-id=""2797837081"" dir=""ltr"" href=""/LpoolBIDcompany""><s>@</s><b>LpoolBIDcompany</b></a> <a class=""twitter-atreply pretty-link js-nav"" data-mentioned-user-id=""762661688457953280"" dir=""ltr"" href=""/LpoolCityRegion""><s>@</s><b>LpoolCityRegion</b></a> <a class=""twitter-atreply pretty-link js-nav"" data-mentioned-user-id=""214476599"" dir=""ltr"" href=""/lpoolcouncil""><s>@</s><b>lpoolcouncil</b></a> <a class=""twitter-atreply pretty-link js-nav"" data-mentioned-user-id=""35781487"" dir=""ltr"" href=""/StephenTwigg""><s>@</s><b><strong>StephenTwigg</strong></b></a> QueenÃÂ¢ÃÂÃÂs Drive should be renamed Sir Ken Dodd Drive! <a class=""twitter-timeline-link u-hidden"" data-pre-embedded=""true"" dir=""ltr"" href=""https://t.co/eKNSjOpc9g"">pic.twitter.com/eKNSjOpc9g</a></p>",[],[],True,['https://pbs.twimg.com/media/D70l-_6W4AMbrnF.jpg'],,0,0,0,False,False,,[],offensive_language,5
1299,1299,360,360,dava51,DP,23506439,1117359929134866433,/dava51/status/1117359929134866433,2019-04-14 09:32:21,1555234341,@StephenTwigg @jeremycorbyn @UKLabour if you don't back a @peoplesvote you will lose my vote and all of my extend family,"<p class=""TweetTextSize js-tweet-text tweet-text"" data-aria-label-part=""0"" lang=""en""><a class=""twitter-atreply pretty-link js-nav"" data-mentioned-user-id=""35781487"" dir=""ltr"" href=""/StephenTwigg""><s>@</s><b><strong>StephenTwigg</strong></b></a> <a class=""twitter-atreply pretty-link js-nav"" data-mentioned-user-id=""117777690"" dir=""ltr"" href=""/jeremycorbyn""><s>@</s><b>jeremycorbyn</b></a> <a class=""twitter-atreply pretty-link js-nav"" data-mentioned-user-id=""14291684"" dir=""ltr"" href=""/UKLabour""><s>@</s><b>UKLabour</b></a> if you don't back a <a class=""twitter-atreply pretty-link js-nav"" data-mentioned-user-id=""48840593"" dir=""ltr"" href=""/PeoplesVote""><s>@</s><b>peoplesvote</b></a> you will lose my vote and all of my extend family</p>",[],[],False,[],,0,0,0,False,False,,[],offensive_language,4
1320,1320,2296,2296,C21stTheology,Ben Whitney,1857191629,1141638498249781248,/C21stTheology/status/1141638498249781248,2019-06-20 09:26:43,1561022803,Excellent result. Well done to all those who worked so hard for it.,"<p class=""TweetTextSize js-tweet-text tweet-text"" data-aria-label-part=""0"" lang=""en"">Excellent result. Well done to all those who worked so hard for it.</p>",[],[],False,[],,0,0,0,False,True,1.1416376310690856e+18,"[{'screen_name': 'StephenTwigg', 'user_id': '35781487'}]",offensive_language,6
